ticker,fy,fiscal_end,Model_Type,DSRI,GMI,AQI,SGI,DEPI,SGAI,LVGI,TATA,M_Score,Sloan_Ratio,M_Score_Z,Sloan_Ratio_Z,Beneish_Threshold,Beneish_Flag,Sloan_Flag,Any_Flag,Fwd_6M_Return,Fwd_12M_Return,Company_Name,SIC,Industry,Industry_Source,Data_Quality_Score,Data_Quality_Status,Available_SEC_Facts,Possible_SEC_Facts,Risk_Label,Risk_Explanation
AAPL,2020,2020-09-26,8-variable,0.6663993477276792,0.9891330283596619,1.0836247348709378,1.0551208037697848,1.0870550289979108,1.034560907331187,1.0797371055084095,-0.07182421083831447,-3.0677708750060546,-0.0702381024269177,-0.7998957527426336,-0.13077343403924477,-1.78,False,False,False,0.08301166090853052,0.31693071336391476,Apple Inc.,3571,Electronic Computers,SEC SIC,100.0,Complete,84,84,Low Risk,AAPL is Low Risk because neither the M-Score nor Sloan accrual thresholds were exceeded.
AAPL,2021,2021-09-25,8-variable,1.2232901169699686,0.9151228757651723,1.1371278783529122,1.332593847330747,1.039251622735267,0.8279220215041687,1.0607998606246691,-0.02666081674748292,-2.0778310063799155,-0.02773192668434856,1.2208897802458616,0.6402335816348675,-1.78,False,False,False,0.19247141606317775,0.029627395470614992,Apple Inc.,3571,Electronic Computers,SEC SIC,100.0,Complete,84,84,Medium Risk,AAPL is Medium Risk because its M-Score of -2.078 was close to the high-risk threshold; its M-Score z-score of 1.22 was elevated.
AAPL,2022,2022-09-24,8-variable,0.9949851285628568,0.9646667284768394,0.9866244216523196,1.077937876041846,1.0662355561214252,1.059465467403742,1.0728813666294033,-0.06335275190996584,-2.762023501823561,-0.06351055833192423,-0.662777317574431,-0.22765155909445908,-1.78,False,False,False,0.06867611910857963,0.16882921903332648,Apple Inc.,3571,Electronic Computers,SEC SIC,100.0,Complete,84,84,Low Risk,AAPL is Low Risk because neither the M-Score nor Sloan accrual thresholds were exceeded.
AAPL,2023,2023-09-30,8-variable,1.077141943206644,0.9813850444410162,0.9437870664191209,0.9719953946968006,1.0004333020642977,1.0221697334702315,0.9516304835768455,-0.03842499496572438,-2.634285325875898,-0.038415624849363,0.016347856458063376,0.39389366085841726,-1.78,False,False,False,0.004176175340701249,0.3678656064483836,Apple Inc.,3571,Electronic Computers,SEC SIC,100.0,Complete,84,84,Low Risk,AAPL is Low Risk because neither the M-Score nor Sloan accrual thresholds were exceeded.
AAPL,2024,2024-09-28,8-variable,1.1097953301648236,0.9550879858217629,0.9719420935072067,1.020219940775141,1.0409232253583875,1.0259818063450896,1.0525752244496027,-0.06717628363197983,-2.7272736760703284,-0.06833685683347664,-0.14915242858454306,0.0647774649390599,-1.78,False,False,False,-0.04131185223828515,0.12669090398633487,Apple Inc.,3571,Electronic Computers,SEC SIC,100.0,Complete,84,84,Low Risk,AAPL is Low Risk because neither the M-Score nor Sloan accrual thresholds were exceeded.
AAPL,2025,2025-09-27,8-variable,1.1186901196713464,0.9851015489396862,0.9862681807116949,1.0642551178283275,1.0538504814640368,0.993775954303638,0.9455040776713899,0.0014697654220982572,-2.294943021712222,0.0014581184472695489,0.26113193388625733,0.7996727918899077,-1.78,False,False,False,-0.02421430264020763,,Apple Inc.,3571,Electronic Computers,SEC SIC,100.0,Complete,84,84,Low Risk,AAPL is Low Risk because neither the M-Score nor Sloan accrual thresholds were exceeded.
ADBE,2020,2020-11-27,8-variable,0.7906418365786806,0.9815945240154669,0.9635009473859468,1.151911198639334,1.109268292682927,0.9538508004263673,0.8967832087903884,-0.019230769230769232,-2.5972937922572634,-0.02073436043155885,-0.19133033989922768,0.563917559281748,-1.78,False,False,False,0.04454646469693313,0.38796297356608234,ADOBE INC.,7372,Services-Prepackaged Software,SEC SIC,100.0,Complete,84,84,Low Risk,ADBE is Low Risk because neither the M-Score nor Sloan accrual thresholds were exceeded.
ADBE,2021,2021-12-03,8-variable,1.0951027826983024,0.9822303231932371,1.030341296403131,1.2266863537457258,1.0396587555638892,0.9137362335306298,1.0234691070124855,-0.08839616754157337,-2.589307659181005,-0.0934691897137312,-0.1649956934042354,-0.5860570310048806,-1.78,False,False,False,-0.3029374250338672,-0.44604482742098284,ADOBE INC.,7372,Services-Prepackaged Software,SEC SIC,100.0,Complete,84,84,Low Risk,ADBE is Low Risk because neither the M-Score nor Sloan accrual thresholds were exceeded.
ADBE,2022,2022-12-02,8-variable,0.9858443613169438,1.0054950191330843,0.96493838018399,1.1153626860943935,1.033900815336065,1.0072977320781404,1.066476053046349,-0.11345481317872262,-2.951332552258804,-0.11329632761092527,-1.1119697978552257,-0.9711323372926436,-1.78,False,False,False,0.27769155470052276,0.7933123675584195,ADOBE INC.,7372,Services-Prepackaged Software,SEC SIC,100.0,Complete,84,84,Medium Risk,ADBE is Medium Risk because its M-Score z-score of -1.11 was elevated.
ADBE,2023,2023-12-01,8-variable,0.976949836182186,0.9980818584373621,0.9348838722689861,1.102408269907986,1.030662913740225,1.0514678393788288,0.9221514797521636,-0.06293025286275564,-2.711498088619691,-0.06581905029502669,-0.23496589245385158,-0.0039041075543896505,-1.78,False,False,False,-0.2738256060863954,-0.15762401855639452,ADOBE INC.,7372,Services-Prepackaged Software,SEC SIC,100.0,Complete,84,84,Low Risk,ADBE is Low Risk because neither the M-Score nor Sloan accrual thresholds were exceeded.
ADBE,2024,2024-11-29,8-variable,0.8408502958154286,0.9869320969779996,1.008548022516443,1.1079911381317946,0.9792851990378824,0.9766276971418125,1.214256399993821,-0.08256698643731393,-2.9882910226924246,-0.08318752187171924,-0.6954354015939574,-0.12311177803581051,-1.78,False,False,False,-0.1988060565974411,-0.37950882982686496,ADOBE INC.,7372,Services-Prepackaged Software,SEC SIC,100.0,Complete,84,84,Low Risk,ADBE is Low Risk because neither the M-Score nor Sloan accrual thresholds were exceeded.
ADBE,2025,2025-11-28,8-variable,1.023520139385342,0.997396307272591,1.048791899432682,1.1052778423622414,1.0094162230585195,0.9307858521966976,1.148010813752961,-0.09835231895850285,-2.84171879619779,-0.09714362254294612,-0.4344378982173365,-0.4706833391394176,-1.78,False,False,False,-0.24580639503070534,,ADOBE INC.,7372,Services-Prepackaged Software,SEC SIC,100.0,Complete,84,84,Low Risk,ADBE is Low Risk because neither the M-Score nor Sloan accrual thresholds were exceeded.
ADI,2020,2020-10-31,5-variable,1.2416396206067177,1.0171584923994896,0.9768929075767584,0.935235388032011,0.9545793301854147,,,-0.036692000872157356,-2.7695837423849254,-0.03675702926401296,-0.41418860116802236,0.33906983508517297,-2.22,False,False,False,0.3034428359086505,0.48896530409700567,ANALOG DEVICES INC,3674,Semiconductors & Related Devices,SEC SIC,96.4,Complete,81,84,Low Risk,ADI is Low Risk because neither the M-Score nor Sloan accrual thresholds were exceeded.
ADI,2021,2021-10-30,5-variable,1.514622215694225,1.0652395934628498,1.034738534250275,1.3061240151802873,1.6496783908920836,,,-0.025699422333645777,-2.126752387286179,-0.03644490359310175,1.0883335222473944,0.47769803788131626,-2.22,True,False,True,-0.102382958936718,-0.1496241449379555,ANALOG DEVICES INC,3674,Semiconductors & Related Devices,SEC SIC,96.4,Complete,81,84,High Risk,ADI was flagged because its M-Score of -2.127 exceeded the -2.220 Beneish threshold.
ADI,2022,2022-10-29,5-variable,0.7516842455917445,0.9861855727245783,0.9938482269733329,1.6416348035591941,0.9914114116337283,,,-0.03432923113930065,-2.6803945631975896,-0.03365360765348435,-0.46908818691856935,0.21822020800895986,-2.22,False,False,False,0.2529104477946553,0.12911003788379816,ANALOG DEVICES INC,3674,Semiconductors & Related Devices,SEC SIC,96.4,Complete,81,84,Medium Risk,ADI is Medium Risk because its M-Score of -2.680 was close to the high-risk threshold.
ADI,2023,2023-10-28,8-variable,0.7969665041442773,0.9794437273367872,0.988389085670345,1.0242706126784415,1.1206189924727998,0.982017319812492,1.0437609332425755,-0.03080379300297054,-2.8021625185380494,-0.030335077930042323,-0.5300624149206115,0.5111937238901137,-1.78,False,False,False,0.2697131369288426,0.45827574396267146,ANALOG DEVICES INC,3674,Semiconductors & Related Devices,SEC SIC,96.4,Complete,81,84,Low Risk,ADI is Low Risk because neither the M-Score nor Sloan accrual thresholds were exceeded.
ADI,2024,2024-11-02,8-variable,1.1868482765623598,1.1214044858531897,0.9659754943714164,0.7660905385777901,0.9809045634653965,1.0952764075820012,1.0694391658760203,-0.045974190618503746,-2.722794519345725,-0.04570589651881149,-0.13977800545229777,0.3511022854347726,-1.78,False,False,False,-0.11167925831358261,0.05622524088833769,ANALOG DEVICES INC,3674,Semiconductors & Related Devices,SEC SIC,96.4,Complete,81,84,Low Risk,ADI is Low Risk because neither the M-Score nor Sloan accrual thresholds were exceeded.
ADI,2025,2025-11-01,8-variable,0.919334950689126,0.9286846284484764,0.959959481320089,1.1689321605654812,0.8785895929237347,1.0049403583768837,1.1895730553507537,-0.05302596777610734,-2.7822660746461807,-0.05289615137919649,-0.3588063112351554,0.09938820027681224,-1.78,False,False,False,0.7099227792623704,,ANALOG DEVICES INC,3674,Semiconductors & Related Devices,SEC SIC,96.4,Complete,81,84,Low Risk,ADI is Low Risk because neither the M-Score nor Sloan accrual thresholds were exceeded.
ADP,2020,2020-06-30,8-variable,0.9679206744915347,1.0245494581172936,1.0878474423515907,1.033989596178651,0.8598546354699397,0.9478116771930192,0.9613960905181773,-0.014290638444549413,-2.4921245233601046,-0.013810682366643142,-0.05529315149697691,0.661078230343786,-1.78,False,False,False,0.1814831340572447,0.36346050819523223,AUTOMATIC DATA PROCESSING INC,7374,Services-Computer Processing & Data Preparation,SEC SIC,100.0,Complete,84,84,Low Risk,ADP is Low Risk because neither the M-Score nor Sloan accrual thresholds were exceeded.
ADP,2021,2021-06-30,8-variable,1.0862491425559797,0.9928729792703448,0.8552630243184197,1.0284856543612662,0.9488573879565193,0.9844449537959874,1.0597080377005312,-0.010145061253780306,-2.5076775926512873,-0.011253383065341491,0.05618727320249748,0.947631279968168,-1.78,False,False,False,0.2474986040125733,0.07746129108839184,AUTOMATIC DATA PROCESSING INC,7374,Services-Computer Processing & Data Preparation,SEC SIC,100.0,Complete,84,84,Low Risk,ADP is Low Risk because neither the M-Score nor Sloan accrual thresholds were exceeded.
ADP,2022,2022-06-30,8-variable,1.0573067374027547,0.994595135166382,0.8011732429433716,1.0994908499606808,0.968645808887527,0.9671546916132762,1.0945979005688269,-0.002387891203490824,-2.4617745372701236,-0.0026931161911540255,0.04965337065425413,0.6805718120750741,-1.78,False,False,False,0.14766028509433116,0.06818269889607764,AUTOMATIC DATA PROCESSING INC,7374,Services-Computer Processing & Data Preparation,SEC SIC,100.0,Complete,84,84,Low Risk,ADP is Low Risk because neither the M-Score nor Sloan accrual thresholds were exceeded.
ADP,2023,2023-06-30,8-variable,0.8694402843860393,0.9532519586621934,1.3199735242526955,1.0917609693119896,0.9883320322309205,1.006096078187967,0.973694413177882,-0.015608875635165094,-2.4805001597147007,-0.013953096829862012,0.5168910990726946,0.7490003271833422,-1.78,False,False,False,0.07172796787878566,0.1107504758215605,AUTOMATIC DATA PROCESSING INC,7374,Services-Computer Processing & Data Preparation,SEC SIC,100.0,Complete,84,84,Low Risk,ADP is Low Risk because neither the M-Score nor Sloan accrual thresholds were exceeded.
ADP,2024,2024-06-30,8-variable,1.0684743416728861,0.984585466951018,0.9394113361264925,1.0660885399895625,0.99092074529833,0.9980965035531899,0.9850408845072247,-0.007460998074047095,-2.421404413769184,-0.007701239014674316,0.49100107892920064,0.8319337033937204,-1.78,False,False,False,0.24000332374726896,0.3188234819927809,AUTOMATIC DATA PROCESSING INC,7374,Services-Computer Processing & Data Preparation,SEC SIC,100.0,Complete,84,84,Low Risk,ADP is Low Risk because neither the M-Score nor Sloan accrual thresholds were exceeded.
ADP,2025,2025-06-30,8-variable,0.9750471040089079,0.9872700023872943,1.1847930101755921,1.0707352129399144,0.957298966063996,1.001358979304008,0.9588949258266617,-0.016114133031536856,-2.4390269495407786,-0.015965544128021387,0.07783845570897825,0.5751913947540961,-1.78,False,False,False,-0.1486239385867758,-0.2536526141607195,AUTOMATIC DATA PROCESSING INC,7374,Services-Computer Processing & Data Preparation,SEC SIC,100.0,Complete,84,84,Low Risk,ADP is Low Risk because neither the M-Score nor Sloan accrual thresholds were exceeded.
ADSK,2020,2020-01-31,8-variable,1.0793818487462292,0.9866487089163839,0.8684594509164711,1.2741458479259087,1.181899586067074,0.9359920738471809,0.9275536416163571,-0.19429385205443983,-3.0761056252007273,-0.22012192327084384,-0.8106768106924337,-2.234108175776034,-1.78,False,True,True,0.20106672768631806,0.40934713778922527,"Autodesk, Inc.",7372,Services-Prepackaged Software,SEC SIC,100.0,Complete,96,96,High Risk,ADSK was flagged because its Sloan accrual z-score of -2.23 was outside the +/-2.0 threshold.
ADSK,2021,2021-01-31,8-variable,0.8517465618916139,0.9886847591258211,1.1276679576344235,1.1574993128302233,1.1462153267512927,0.8818234687983013,0.7826831081658409,-0.031456908156817495,-2.469283492005303,-0.03402902125699341,0.1602190526937549,0.5227649252673587,-1.78,False,False,False,0.15751725970775365,-0.09962873560664343,"Autodesk, Inc.",7372,Services-Prepackaged Software,SEC SIC,100.0,Complete,96,96,Low Risk,ADSK is Low Risk because neither the M-Score nor Sloan accrual thresholds were exceeded.
ADSK,2022,2022-01-31,8-variable,0.9620665065467846,1.0070576485232787,1.076989668042925,1.1572559366754618,0.8608884962453461,1.193895376373221,1.1483233909915886,-0.12013477402114559,-2.999756438319982,-0.13017095953873656,-1.226869985852819,-1.2231313454266566,-1.78,False,False,False,-0.1339925011470512,-0.13863641680935956,"Autodesk, Inc.",7372,Services-Prepackaged Software,SEC SIC,100.0,Complete,96,96,Medium Risk,ADSK is Medium Risk because its M-Score z-score of -1.23 was elevated; its Sloan accrual z-score of -1.22 was elevated.
ADSK,2023,2023-01-31,8-variable,1.1761830348422528,1.000664595788206,0.9556149232342603,1.1411308709530323,0.9428037383177571,0.8150423003569857,0.8627865465501473,-0.1322314049586777,-2.758210325770619,-0.13832086450540315,-0.3870058793847156,-1.0563659596668047,-1.78,False,False,False,-0.014733213027471104,0.17963372949733225,"Autodesk, Inc.",7372,Services-Prepackaged Software,SEC SIC,100.0,Complete,96,96,Medium Risk,ADSK is Medium Risk because its Sloan accrual z-score of -1.06 was elevated.
ADSK,2024,2024-01-31,8-variable,0.829963633555111,0.996753948017486,0.9936060886955893,1.0983016983016982,0.9212546611098924,1.061105100389686,1.0052291594603944,-0.04106133979015335,-2.766447133118997,-0.0420671834625323,-0.23113852206279045,0.39713894707830927,-1.78,False,False,False,-0.02478229126762721,0.22666561338276559,"Autodesk, Inc.",7372,Services-Prepackaged Software,SEC SIC,100.0,Complete,96,96,Low Risk,ADSK is Low Risk because neither the M-Score nor Sloan accrual thresholds were exceeded.
ADSK,2025,2025-01-31,8-variable,1.0316938620931577,1.0014520960158317,1.0655150972300955,1.1153356376205203,1.0409745293466224,0.939974534491558,1.0250384720903871,-0.04569371365272778,-2.527679467751829,-0.04772234273318872,-0.034939066787583316,0.16604604493779754,-1.78,False,False,False,-0.026434159064472662,-0.18780112387888281,"Autodesk, Inc.",7372,Services-Prepackaged Software,SEC SIC,100.0,Complete,96,96,Low Risk,ADSK is Low Risk because neither the M-Score nor Sloan accrual thresholds were exceeded.
ADSK,2026,2026-01-31,8-variable,1.2146113082572283,0.9955238528650795,0.8893540545048328,1.1753384439732506,1.025,0.9071036956382501,0.9688771377507617,-0.10652121601026711,-2.6426025014528136,-0.11399141630901287,-0.46088932908271624,-1.0227153410664478,-1.78,False,False,False,,,"Autodesk, Inc.",7372,Services-Prepackaged Software,SEC SIC,100.0,Complete,96,96,Medium Risk,ADSK is Medium Risk because its Sloan accrual z-score of -1.02 was elevated.
ALAB,2024,2024-12-31,8-variable,1.3605740132349013,0.9025387953307209,0.18953121444424556,3.422370761870218,3.37477260765972,1.7299234864910504,0.4296540307116799,-0.20872008557545318,-1.0089522319114175,-0.3519299648225136,3.4471209963384593,-3.5232163545792314,-1.78,True,True,True,-0.31732729141338556,0.25602117360078513,"Astera Labs, Inc.",3674,Semiconductors & Related Devices,SEC SIC,87.5,Partial,42,48,High Risk,ALAB was flagged because its M-Score of -1.009 exceeded the -1.780 Beneish threshold; its M-Score z-score of 3.45 was above the 2.0 cross-company threshold; its Sloan accrual z-score of -3.52 was outside the +/-2.0 threshold.
ALAB,2025,2025-12-31,8-variable,0.9965174846958551,1.009182194134093,9.106259805263404,2.151265487395594,1.1767067499732877,0.43419105099697475,1.29063329805382,-0.06539397828600302,1.5401269631179149,-0.07746262949328604,5.139839275965548,-0.21711915321026476,-1.78,True,False,True,1.9034622940703243,,"Astera Labs, Inc.",3674,Semiconductors & Related Devices,SEC SIC,87.5,Partial,42,48,High Risk,ALAB was flagged because its M-Score of 1.540 exceeded the -1.780 Beneish threshold; its M-Score z-score of 5.14 was above the 2.0 cross-company threshold.
ALNY,2020,2020-12-31,8-variable,1.061663844560727,1.0429366675024068,0.9054133939348,2.2427895335608645,0.558077144474077,0.5477203263361733,1.7572641858088622,-0.07141639084242989,-1.8850551335034402,-0.08387170717288889,0.7299553705016532,-0.3220951814823466,-1.78,False,False,False,0.3043010131591646,0.3047626393654448,"ALNYLAM PHARMACEUTICALS, INC.",2834,Pharmaceutical Preparations,SEC SIC,100.0,Complete,84,84,Medium Risk,ALNY is Medium Risk because its M-Score of -1.885 was close to the high-risk threshold.
ALNY,2021,2021-12-31,8-variable,1.1318478154246776,0.9834379674829773,0.9509164812919578,1.7130604865953947,0.8037375216076428,0.6157138730067245,1.1949900266901077,-0.05795042082680995,-2.0426092794418285,-0.05989221834614236,1.3163257682876233,0.04030194549439519,-1.78,False,False,False,-0.1399339277704469,0.4014034162662936,"ALNYLAM PHARMACEUTICALS, INC.",2834,Pharmaceutical Preparations,SEC SIC,100.0,Complete,84,84,Medium Risk,ALNY is Medium Risk because its M-Score of -2.043 was close to the high-risk threshold; its M-Score z-score of 1.32 was elevated.
ALNY,2022,2022-12-31,8-variable,0.9752813865391933,0.9987311798628182,1.0206927756905335,1.228750413070437,1.1055795316158155,1.0105526650186485,1.2457369694585532,-0.16633454199081368,-3.1393145348139218,-0.16409169664836865,-1.5580134117125515,-1.7296900747292991,-1.78,False,False,False,-0.20075738556871014,-0.19457181326297956,"ALNYLAM PHARMACEUTICALS, INC.",2834,Pharmaceutical Preparations,SEC SIC,100.0,Complete,84,84,Medium Risk,ALNY is Medium Risk because its M-Score z-score of -1.56 was elevated; its Sloan accrual z-score of -1.73 was elevated.
ALNY,2023,2023-12-31,8-variable,0.7816107253520703,1.0135766263637103,0.8993867933166917,1.7623484458530698,0.8402559190076666,0.5858229923227444,1.0124405435433326,-0.14214492360073944,-2.650678875015335,-0.1476085576945107,-0.037010217334404176,-1.1911893828062081,-1.78,False,False,False,0.2695261237702131,0.22935057236600742,"ALNYLAM PHARMACEUTICALS, INC.",2834,Pharmaceutical Preparations,SEC SIC,100.0,Complete,84,84,Medium Risk,ALNY is Medium Risk because its Sloan accrual z-score of -1.19 was elevated.
ALNY,2024,2024-12-31,8-variable,1.0055316837011126,0.9879946801895358,1.2430349565252792,1.2296958035149745,0.9198730756406169,0.9970599552388102,0.9305662523584393,-0.06364294385142583,-2.461964288087767,-0.06687721960087799,0.40611335397763626,0.08324466044476024,-1.78,False,False,False,0.3857889580602798,0.6898984234508221,"ALNYLAM PHARMACEUTICALS, INC.",2834,Pharmaceutical Preparations,SEC SIC,100.0,Complete,84,84,Low Risk,ALNY is Low Risk because neither the M-Score nor Sloan accrual thresholds were exceeded.
ALNY,2025,2025-12-31,8-variable,1.1613452882515933,1.0562533022594578,0.7776430866646147,1.6519286393864008,1.035200893575455,0.7512959959407877,0.8546171184310405,-0.04235178847322098,-1.913971062404156,-0.04569320577160414,0.7457777688656988,0.19218885493243013,-1.78,False,False,False,-0.24297748422030518,,"ALNYLAM PHARMACEUTICALS, INC.",2834,Pharmaceutical Preparations,SEC SIC,100.0,Complete,84,84,Medium Risk,ALNY is Medium Risk because its M-Score of -1.914 was close to the high-risk threshold.
AMAT,2020,2020-10-25,8-variable,0.9933636835533542,0.9776374324414377,0.8616967019852335,1.1775739320920044,1.0103290450272142,1.0444651418981952,0.9204765066752467,-0.008276294009752607,-2.41457219335653,-0.008942165937598183,0.04502133236661496,0.7293986113446789,-1.78,False,False,False,1.2234103078784666,1.246263082906168,APPLIED MATERIALS INC /DE,3674,Semiconductors & Related Devices,SEC SIC,100.0,Complete,84,84,Low Risk,AMAT is Low Risk because neither the M-Score nor Sloan accrual thresholds were exceeded.
AMAT,2021,2021-10-31,8-variable,1.2468086907878226,0.9449137784520626,0.9129394061026765,1.340716195791187,1.1220427626518996,0.8155897797314785,1.0305951369029165,0.017270087124878993,-1.896719559260084,0.018514674747810204,1.7116252269187997,1.5029371775755704,-1.78,False,False,False,-0.1897008044132169,-0.3484398843125588,APPLIED MATERIALS INC /DE,3674,Semiconductors & Related Devices,SEC SIC,100.0,Complete,84,84,Medium Risk,AMAT is Medium Risk because its M-Score of -1.897 was close to the high-risk threshold; its M-Score z-score of 1.71 was elevated; its Sloan accrual z-score of 1.50 was elevated.
AMAT,2022,2022-10-30,8-variable,1.0957864034391773,1.0174368252847663,1.0544252456834418,1.1180245414733556,1.0486265905080339,1.0603379684362626,1.0514807122819072,0.0421312579510589,-2.0798922844610495,0.04285360887518791,0.9557835103392761,1.3607483984191093,-1.78,False,False,False,0.2658331818944002,0.4743896133083656,APPLIED MATERIALS INC /DE,3674,Semiconductors & Related Devices,SEC SIC,100.0,Complete,84,84,Medium Risk,AMAT is Medium Risk because its M-Score of -2.080 was close to the high-risk threshold; its Sloan accrual z-score of 1.36 was elevated.
AMAT,2023,2023-10-29,8-variable,0.8276896049247795,0.9959192874740888,0.9071058790578946,1.028388598022106,1.0944763571787446,2.1538219994412517,0.8695289030419738,-0.06000846106283966,-3.0785949185438675,-0.0641893655904621,-1.4298004931538633,0.019752969185075568,-1.78,False,False,False,0.5693042596758686,0.4589931178241342,APPLIED MATERIALS INC /DE,3674,Semiconductors & Related Devices,SEC SIC,100.0,Complete,84,84,Medium Risk,AMAT is Medium Risk because its M-Score z-score of -1.43 was elevated.
AMAT,2024,2024-10-27,8-variable,0.9887858599681227,0.9840867598636707,0.9929511999617913,1.024851981747558,1.5705341663017,1.0770417323350057,0.9692525226600351,-0.04359324595309367,-2.6209570686792056,-0.04605606558383739,0.07335750463451075,0.3466719787534551,-1.78,False,False,False,-0.1837000127364018,0.25314677964148435,APPLIED MATERIALS INC /DE,3674,Semiconductors & Related Devices,SEC SIC,100.0,Complete,84,84,Low Risk,AMAT is Low Risk because neither the M-Score nor Sloan accrual thresholds were exceeded.
AMAT,2025,2025-10-26,8-variable,0.9490123365792797,0.9749921203734055,1.0401273014051513,1.04386223138063,1.2066245077487068,0.9425209214706093,0.9837317368814337,-0.026447009559492,-2.5695538864216365,-0.027153928834078182,-0.08820876841435595,0.4310435027907647,-1.78,False,False,False,0.8289774745338996,,APPLIED MATERIALS INC /DE,3674,Semiconductors & Related Devices,SEC SIC,100.0,Complete,84,84,Low Risk,AMAT is Low Risk because neither the M-Score nor Sloan accrual thresholds were exceeded.
AMD,2020,2020-12-26,8-variable,0.7662089641777474,0.9569587230636366,1.5735353303397497,1.450453127321349,1.2157473479964769,0.9146566970535014,0.6494484621457755,0.15833519303726848,-1.189330369924867,0.18932621747831888,1.629880241440892,3.5117187889236594,-1.78,True,True,True,-0.0674217947567336,0.5917656385556587,ADVANCED MICRO DEVICES INC,3674,Semiconductors & Related Devices,SEC SIC,100.0,Complete,84,84,High Risk,AMD was flagged because its M-Score of -1.189 exceeded the -1.780 Beneish threshold; its Sloan accrual z-score of 3.51 was outside the +/-2.0 threshold.
AMD,2021,2021-12-25,8-variable,0.7781037023213863,0.9228502106042609,1.038387446706079,1.6832940694458671,0.8527294777294776,0.8645407884010536,1.114109623296713,-0.02890731942990579,-2.266081164346951,-0.03358121696833637,0.7108114454673817,0.531118455216339,-1.78,False,False,False,-0.4041330081104213,-0.5585055637571286,ADVANCED MICRO DEVICES INC,3674,Semiconductors & Related Devices,SEC SIC,100.0,Complete,84,84,Medium Risk,AMD is Medium Risk because its M-Score of -2.266 was close to the high-risk threshold.
AMD,2022,2022-12-31,8-variable,1.061730538495165,1.0739319887043481,2.99328575667157,1.436108068638189,1.3187924824592236,1.1233553405476544,0.38287399900309405,-0.033219887540692515,-1.1280676061962713,-0.05612570157126964,3.2142729330014976,-0.11736906008305147,-1.78,True,False,True,0.7586847238829273,1.2758995106091229,ADVANCED MICRO DEVICES INC,3674,Semiconductors & Related Devices,SEC SIC,100.0,Complete,84,84,High Risk,AMD was flagged because its M-Score of -1.128 exceeded the -1.780 Beneish threshold; its M-Score z-score of 3.21 was above the 2.0 cross-company threshold.
AMD,2023,2023-12-30,8-variable,1.0902933584162378,0.9741138589665036,0.9658649903156163,0.9609762298207704,1.0352426489721573,1.0325900784590853,0.9470611981164189,-0.011976136112543272,-2.4994756811529344,-0.012003100431845864,0.455129166708938,0.7773071611987438,-1.78,False,False,False,0.10040026242508016,-0.16939149718725277,ADVANCED MICRO DEVICES INC,3674,Semiconductors & Related Devices,SEC SIC,100.0,Complete,84,84,Low Risk,AMD is Low Risk because neither the M-Score nor Sloan accrual thresholds were exceeded.
AMD,2024,2024-12-28,8-variable,1.2598580828467723,0.9345401814949948,0.9577998646225949,1.1369047619047619,1.0795078231809205,1.0378146895003364,1.0501569411258256,-0.020223615404616764,-2.278811498179635,-0.020421410390121873,0.7894336653699715,0.6709992695425153,-1.78,False,False,False,0.14873388253109399,0.7173096996606232,ADVANCED MICRO DEVICES INC,3674,Semiconductors & Related Devices,SEC SIC,100.0,Complete,84,84,Medium Risk,AMD is Medium Risk because its M-Score of -2.279 was close to the high-risk threshold.
AMD,2025,2025-12-27,8-variable,0.7591790188770958,0.9966466998739577,0.8867331185290926,1.3433779329067288,1.0942728114237485,1.1278834030794405,1.1799116412514339,-0.04386033330733432,-2.7180007273112357,-0.046171109529804584,-0.2770524389135375,0.18603168201464024,-1.78,False,False,False,1.4260663461698835,,ADVANCED MICRO DEVICES INC,3674,Semiconductors & Related Devices,SEC SIC,100.0,Complete,84,84,Low Risk,AMD is Low Risk because neither the M-Score nor Sloan accrual thresholds were exceeded.
AMGN,2020,2020-12-31,8-variable,1.0248958051045105,1.07363230783338,0.9635476912061504,1.0882629911822619,0.7290494253418531,1.0223827955543878,1.0620676065222499,-0.05135985257673,-2.6498321598462997,-0.05271697036402919,-0.2592890875923907,0.11510237547061941,-1.78,False,False,False,0.07554399108559262,0.00874165486020484,AMGEN INC,2836,"Biological Products, (No Diagnostic Substances)",SEC SIC,100.0,Complete,84,84,Low Risk,AMGN is Low Risk because neither the M-Score nor Sloan accrual thresholds were exceeded.
AMGN,2021,2021-12-31,8-variable,1.0586577046186263,1.0082228150641936,1.0202572797567444,1.0218297671491503,1.0712246724498786,0.9168099862105028,1.0489722272536202,-0.05506417068584975,-2.645196825325698,-0.054273122074238796,-0.31643170337685217,0.1451229357853118,-1.78,False,False,False,0.09951378922751686,0.20431891857811424,AMGEN INC,2836,"Biological Products, (No Diagnostic Substances)",SEC SIC,100.0,Complete,84,84,Low Risk,AMGN is Low Risk because neither the M-Score nor Sloan accrual thresholds were exceeded.
AMGN,2022,2022-12-31,8-variable,1.121613970111311,0.9932991710432585,0.9626584060929086,1.0132414642595944,1.0247988265453,0.9953888931005185,1.097186303809864,-0.04866325762810768,-2.6307581313539807,-0.050187669258666835,-0.35131087050999005,-0.02869285905863524,-1.78,False,False,False,-0.13915925690077424,0.1346432699189195,AMGEN INC,2836,"Biological Products, (No Diagnostic Substances)",SEC SIC,100.0,Complete,84,84,Low Risk,AMGN is Low Risk because neither the M-Score nor Sloan accrual thresholds were exceeded.
AMGN,2023,2023-12-31,8-variable,1.2199616161027445,1.0805838399832628,1.0879733188742065,1.0709265661208829,0.950202094638351,1.0657129709699853,1.030710115542455,-0.018053811474566153,-2.2478247096646102,-0.021617624403019564,1.2742081222426243,0.6377393473986794,-1.78,False,False,False,0.10106602006027354,-0.06771940316598524,AMGEN INC,2836,"Biological Products, (No Diagnostic Substances)",SEC SIC,100.0,Complete,84,84,Medium Risk,AMGN is Medium Risk because its M-Score of -2.248 was close to the high-risk threshold; its M-Score z-score of 1.27 was elevated.
AMGN,2024,2024-12-31,8-variable,0.7870086759720769,1.1379905675416229,0.9776824160158277,1.1856686768357574,0.8823743589237979,0.9685723451729019,1.033048111263209,-0.08057579024161848,-2.8424350896529273,-0.07830977866905124,-0.3901736488291566,-0.0613990213737315,-1.78,False,False,False,0.08944564585316517,0.2966696999323801,AMGEN INC,2836,"Biological Products, (No Diagnostic Substances)",SEC SIC,100.0,Complete,84,84,Low Risk,AMGN is Low Risk because neither the M-Score nor Sloan accrual thresholds were exceeded.
AMGN,2025,2025-12-31,8-variable,1.2833449742089804,0.9149924853100708,0.9660829819691392,1.0995392532312112,1.166532020861687,0.9035761767612671,0.9609562707023881,-0.024805157529861125,-2.256680005491993,-0.024634781417020694,0.3098074623387061,0.4634994648669641,-1.78,False,False,False,0.12243039311911019,,AMGEN INC,2836,"Biological Products, (No Diagnostic Substances)",SEC SIC,100.0,Complete,84,84,Medium Risk,AMGN is Medium Risk because its M-Score of -2.257 was close to the high-risk threshold.
AMZN,2025,2025-12-31,8-variable,1.086888341225159,0.9715371884246522,0.9768972218510887,1.123777546832947,1.111267265741006,0.8752063840244676,0.9337466896643545,-0.07560003031629182,-2.611822513043974,-0.08571967155854453,-0.1419799537793448,-0.32350047981188157,-1.78,False,False,False,0.03257945054610878,,AMAZON COM INC,5961,Retail-Catalog & Mail-Order Houses,SEC SIC,95.2,Complete,80,84,Low Risk,AMZN is Low Risk because neither the M-Score nor Sloan accrual thresholds were exceeded.
AVGO,2020,2020-11-01,8-variable,0.6667263661842613,0.9763370993823963,0.994165049264353,1.0571314776297738,0.9807269449949059,1.0710503855127322,1.1223439236453028,-0.11985566222854359,-3.3657499709211622,-0.12690864975666893,-1.1853338073760147,-0.9260369278624015,-1.78,False,False,False,0.32621201426571833,0.5584405284780638,Broadcom Inc.,3674,Semiconductors & Related Devices,SEC SIC,100.0,Complete,84,84,Medium Risk,AVGO is Medium Risk because its M-Score z-score of -1.19 was elevated.
AVGO,2021,2021-10-31,8-variable,0.7846148893028287,0.9220734320520221,0.9248980262156355,1.1491125251172136,0.9915695588223775,0.6057927450897332,0.9857233086730778,-0.09299986767235675,-2.9802761103881728,-0.09277704071866563,-1.224354892335663,-0.5731453919118816,-1.78,False,False,False,0.056500059813633374,-0.08909109643749369,Broadcom Inc.,3674,Semiconductors & Related Devices,SEC SIC,100.0,Complete,84,84,Medium Risk,AVGO is Medium Risk because its M-Score z-score of -1.22 was elevated.
AVGO,2022,2022-10-30,8-variable,1.1808183517592414,0.9221173711300473,0.9567454476030443,1.2095810564663023,0.9712582903740973,0.8482140671137735,1.1404263390464924,-0.0715504648527625,-2.5431998352900878,-0.07043455472755494,-0.14355256160888413,-0.3310517536282863,-1.78,False,False,False,0.34547321706762424,0.8261883803681285,Broadcom Inc.,3674,Semiconductors & Related Devices,SEC SIC,100.0,Complete,84,84,Low Risk,AVGO is Low Risk because neither the M-Score nor Sloan accrual thresholds were exceeded.
AVGO,2023,2023-10-29,8-variable,0.9883878264735774,0.9654038969161647,0.954371784861698,1.0787880613197602,1.0170249235615678,1.067822060335594,0.972165787573019,-0.05494022865456143,-2.7147758608704335,-0.05479433303675313,-0.24563445556623426,0.15613456831915368,-1.78,False,False,False,0.6108863599021448,1.170927962725612,Broadcom Inc.,3674,Semiconductors & Related Devices,SEC SIC,100.0,Complete,84,84,Low Risk,AVGO is Low Risk because neither the M-Score nor Sloan accrual thresholds were exceeded.
AVGO,2024,2024-11-03,8-variable,0.9724113443977009,1.0935404151924646,1.2662054578682849,1.4398503587481504,0.9925206729108677,2.163384361310956,0.881713736708077,-0.08492257538712307,-2.5157340538509816,-0.11795929662146865,0.29357865894958524,-0.5630410618624331,-1.78,False,False,False,0.21242883924985834,1.167332218769762,Broadcom Inc.,3674,Semiconductors & Related Devices,SEC SIC,100.0,Complete,84,84,Low Risk,AVGO is Low Risk because neither the M-Score nor Sloan accrual thresholds were exceeded.
AVGO,2025,2025-11-02,8-variable,1.3061452918003094,0.9301598229877116,0.9240482832596492,1.2387443285376352,1.029783443994638,0.6855031487666519,0.887452578873224,-0.025781450915297034,-2.079256345166435,-0.026198487246723703,0.5355134123507814,0.4433531341030211,-1.78,False,False,False,0.1443104039615637,,Broadcom Inc.,3674,Semiconductors & Related Devices,SEC SIC,100.0,Complete,84,84,Medium Risk,AVGO is Medium Risk because its M-Score of -2.079 was close to the high-risk threshold.
AXON,2020,2020-12-31,8-variable,1.216440120403242,0.9468322607023077,0.9343607716394946,1.2828297479561466,1.948713678104427,1.1248063333039398,0.8203067570324777,-0.029112476765412308,-2.0730039733402137,-0.03611235113367004,0.4868422253502721,0.3481166681666445,-1.78,False,False,False,0.44291197921427394,0.2813188734522971,"AXON ENTERPRISE, INC.",3480,"Ordnance & Accessories, (No Vehicles/Guided Missiles)",SEC SIC,79.2,Partial,95,120,Medium Risk,AXON is Medium Risk because its M-Score of -2.073 was close to the high-risk threshold.
AXON,2021,2021-12-31,8-variable,1.1040534791138548,0.975814351758983,1.226774114093848,1.267807924487851,0.8889709451361624,1.3219556819255152,1.2941754176705869,-0.10929445981246409,-2.742268268390764,-0.12023329607103794,-0.5794542716864275,-1.0853259519970315,-1.78,False,False,False,-0.4065605212169089,0.05687893424064483,"AXON ENTERPRISE, INC.",3480,"Ordnance & Accessories, (No Vehicles/Guided Missiles)",SEC SIC,79.2,Partial,95,120,Medium Risk,AXON is Medium Risk because its Sloan accrual z-score of -1.09 was elevated.
AXON,2022,2022-12-31,8-variable,0.8119940133466444,1.0242862602655893,1.1788758411071463,1.3749931953563954,0.9929730084179565,0.5639209863897671,1.46372563270333,-0.031007814455937,-2.455908951659957,-0.038955495292618846,0.06357123111825425,0.1390439372603291,-1.78,False,False,False,0.17591757807427877,0.5568613148620409,"AXON ENTERPRISE, INC.",3480,"Ordnance & Accessories, (No Vehicles/Guided Missiles)",SEC SIC,79.2,Partial,95,120,Low Risk,AXON is Low Risk because neither the M-Score nor Sloan accrual thresholds were exceeded.
AXON,2023,2023-12-31,8-variable,0.8769593559979704,0.9991046952354807,0.7775961834745229,1.3146680728437938,1.3635637674820975,0.942660607129905,0.7600610936031078,-0.0039540369602724884,-2.2912060420083957,-0.004305974635637243,1.1330096354032593,0.88904134826217,-1.78,False,False,False,0.13900826666928134,1.3006233817844555,"AXON ENTERPRISE, INC.",3480,"Ordnance & Accessories, (No Vehicles/Guided Missiles)",SEC SIC,79.2,Partial,95,120,Medium Risk,AXON is Medium Risk because its M-Score z-score of 1.13 was elevated.
AXON,2025,2025-12-31,8-variable,1.063823241005507,0.9992389351943829,0.9792035463686968,1.334694500812955,0.8154058458304675,1.0470564069013895,1.2191832577329758,-0.012382732029267833,-2.2904724911943526,-0.015108278494080253,0.2668190295968421,0.58623615565853,-1.78,False,False,False,-0.01288892542852127,,"AXON ENTERPRISE, INC.",3480,"Ordnance & Accessories, (No Vehicles/Guided Missiles)",SEC SIC,79.2,Partial,95,120,Low Risk,AXON is Low Risk because neither the M-Score nor Sloan accrual thresholds were exceeded.
CSCO,2020,2020-07-25,8-variable,1.049155217624045,0.9793198572515113,1.0654280293577905,0.9498497225647349,0.983255623002258,1.1092700473695054,0.8238899824792927,-0.044405553857020864,-2.634903101038814,-0.04372787392419256,-0.23997824510999086,0.24124727044509958,-1.78,False,False,False,-0.012631560667734631,0.22820837494667146,"CISCO SYSTEMS, INC.",3576,Computer Communications Equipment,SEC SIC,100.0,Complete,84,84,Low Risk,CSCO is Low Risk because neither the M-Score nor Sloan accrual thresholds were exceeded.
CSCO,2021,2021-07-31,8-variable,1.0427927172451583,1.0038015624734662,1.1167401962282706,1.0104866027058275,1.0528631076647776,1.1063205340165476,0.9298107487242773,-0.0498784577987015,-2.6047436796010044,-0.050564075903301274,-0.20682078229908016,0.21431304641153454,-1.78,False,False,False,0.018174586479331012,-0.15700454671685204,"CISCO SYSTEMS, INC.",3576,Computer Communications Equipment,SEC SIC,100.0,Complete,84,84,Low Risk,CSCO is Low Risk because neither the M-Score nor Sloan accrual thresholds were exceeded.
CSCO,2022,2022-07-30,8-variable,1.1097194245291127,1.023546447097701,1.0231343543313545,1.0349070617046048,0.891332058636074,0.9433708120935625,1.0013381750054295,-0.01504223314397566,-2.3997190122196375,-0.014767701136820558,0.1968987091548033,0.5002547869124097,-1.78,False,False,False,0.08125974542299952,0.18573603731715727,"CISCO SYSTEMS, INC.",3576,Computer Communications Equipment,SEC SIC,100.0,Complete,84,84,Low Risk,CSCO is Low Risk because neither the M-Score nor Sloan accrual thresholds were exceeded.
CSCO,2023,2023-07-29,8-variable,0.799634573644188,0.9971540891762668,0.9418072660412221,1.1055336811684155,1.1379539302313704,1.0668497783241775,1.0289166085256787,-0.07140753249813454,-2.934417689521217,-0.07426960899445505,-0.9605293694972121,-0.12657539181188288,-1.78,False,False,False,0.01895714799470416,-0.04911805217739795,"CISCO SYSTEMS, INC.",3576,Computer Communications Equipment,SEC SIC,100.0,Complete,84,84,Low Risk,CSCO is Low Risk because neither the M-Score nor Sloan accrual thresholds were exceeded.
CSCO,2024,2024-07-27,8-variable,1.2097672359121616,0.9690157328343832,1.2400705250878672,0.9439454015930383,1.0017953321364452,1.2026009843071268,1.298165542460643,-0.004501137340953116,-2.4095879057758527,-0.004949948069741233,0.5157318380175323,0.8667427824158317,-1.78,False,False,False,0.2518208045880015,0.473970828692722,"CISCO SYSTEMS, INC.",3576,Computer Communications Equipment,SEC SIC,100.0,Complete,84,84,Low Risk,CSCO is Low Risk because neither the M-Score nor Sloan accrual thresholds were exceeded.
CSCO,2025,2025-07-26,8-variable,0.9519499607096829,0.9968339805818228,1.014149801189881,1.052989610244782,1.0082437275985663,1.0101079075608432,0.9788243121174905,-0.032815170372308675,-2.620302706041913,-0.03253291393735002,-0.15276786117215524,0.36174222437485054,-1.78,False,False,False,0.13392896316172953,,"CISCO SYSTEMS, INC.",3576,Computer Communications Equipment,SEC SIC,100.0,Complete,84,84,Low Risk,CSCO is Low Risk because neither the M-Score nor Sloan accrual thresholds were exceeded.
CTAS,2020,2020-05-31,8-variable,0.9302976151254024,0.994546402144148,1.017799133930348,1.0279756998495277,0.9453866107182384,1.0171891804592925,0.906013499600529,-0.054165870805103336,-2.7468061220517326,-0.05500211266015986,-0.38472558919585104,0.08303474365951993,-1.78,False,False,False,0.44795678923695825,0.44704447187299534,CINTAS CORP,2320,"Men's & Boys' Furnishgs, Work Clothg, & Allied Garments",SEC SIC,100.0,Complete,84,84,Low Risk,CTAS is Low Risk because neither the M-Score nor Sloan accrual thresholds were exceeded.
CTAS,2021,2021-05-31,8-variable,1.0314638045743203,0.9798911696156449,0.9589268989170401,1.004406417957635,0.935544928016362,0.9274009596874123,0.9725013376953032,-0.03032382752427726,-2.6021521950106807,-0.0314046124440079,-0.1997989547547556,0.5717217534464492,-1.78,False,False,False,0.19972001440349652,0.1377323499745804,CINTAS CORP,2320,"Men's & Boys' Furnishgs, Work Clothg, & Allied Garments",SEC SIC,100.0,Complete,84,84,Low Risk,CTAS is Low Risk because neither the M-Score nor Sloan accrual thresholds were exceeded.
CTAS,2022,2022-05-31,8-variable,1.0110356548429034,1.0072148999047847,1.03990218273869,1.103721716500336,0.9802641829730161,0.9603717283984742,1.1070652585611664,-0.03705149316530621,-2.561225309762682,-0.03684894341634949,-0.18632340414370788,0.17050234095610525,-1.78,False,False,False,0.16542107084123092,0.19753783502784117,CINTAS CORP,2320,"Men's & Boys' Furnishgs, Work Clothg, & Allied Garments",SEC SIC,100.0,Complete,84,84,Low Risk,CTAS is Low Risk because neither the M-Score nor Sloan accrual thresholds were exceeded.
CTAS,2023,2023-05-31,8-variable,1.0209155071946345,0.9768603836679732,0.9578096537769146,1.1223903517734322,1.0235076460995851,1.0329193895325903,0.9045380254665887,-0.027873634096215977,-2.4830115808583937,-0.028540018780836646,0.5087168719075247,0.5372514342715728,-1.78,False,False,False,0.177994985948297,0.44961115646083316,CINTAS CORP,2320,"Men's & Boys' Furnishgs, Work Clothg, & Allied Garments",SEC SIC,100.0,Complete,84,84,Low Risk,CTAS is Low Risk because neither the M-Score nor Sloan accrual thresholds were exceeded.
CTAS,2024,2024-05-31,8-variable,0.9912869141735196,0.9694015611706938,0.9847921232969863,1.0885737818220962,1.012449662847664,1.0143747739915492,0.9667187637804658,-0.05419543219152482,-2.6750463963443654,-0.05609970616713707,-0.039846001214408386,0.21960076537356077,-1.78,False,False,False,0.3372847245127577,0.3464861908868626,CINTAS CORP,2320,"Men's & Boys' Furnishgs, Work Clothg, & Allied Garments",SEC SIC,100.0,Complete,84,84,Low Risk,CTAS is Low Risk because neither the M-Score nor Sloan accrual thresholds were exceeded.
CTAS,2025,2025-05-31,8-variable,1.057286346349014,0.9759121300068492,0.9934158163951694,1.0774821121822642,0.9722232936243413,0.9978102798556909,0.9852546609485479,-0.0359913817890065,-2.539960561714379,-0.03723522377366648,-0.05056221408889961,0.301159033139344,-1.78,False,False,False,-0.1750711472700034,-0.23670967228153228,CINTAS CORP,2320,"Men's & Boys' Furnishgs, Work Clothg, & Allied Garments",SEC SIC,100.0,Complete,84,84,Low Risk,CTAS is Low Risk because neither the M-Score nor Sloan accrual thresholds were exceeded.
DDOG,2020,2020-12-31,8-variable,0.9590893915159283,0.9624629583137324,0.6773314997635735,1.6634489222118087,1.1129360301246929,1.0511977602873632,2.0034093845834615,-0.07069727580761631,-2.7307447468659936,-0.09127262470093835,-0.36395008752075436,-0.4259530019584117,-1.78,False,False,False,0.05729377539385472,0.8093254387754281,"Datadog, Inc.",7372,Services-Prepackaged Software,SEC SIC,100.0,Complete,84,84,Low Risk,DDOG is Low Risk because neither the M-Score nor Sloan accrual thresholds were exceeded.
DDOG,2021,2021-12-31,8-variable,0.9652805998045773,1.0154633037941148,2.7609040098064472,1.7047919849668416,1.1897323843771808,0.8826301150017979,1.1401565256376123,-0.1290703857620609,-1.7714422276653843,-0.1438933815085134,2.0510738275223948,-1.5266911584137044,-1.78,True,False,True,-0.46527428253664105,-0.5873336716179414,"Datadog, Inc.",7372,Services-Prepackaged Software,SEC SIC,100.0,Complete,84,84,High Risk,DDOG was flagged because its M-Score of -1.771 exceeded the -1.780 Beneish threshold; its M-Score z-score of 2.05 was above the 2.0 cross-company threshold.
DDOG,2022,2022-12-31,8-variable,0.9128252520329447,0.9739057905925098,0.9756400357800743,1.6282329429695641,1.1146075067507606,0.9067370150173061,0.9429949368973934,-0.1559367982183482,-2.7052026776485825,-0.17400586670568396,-0.5279528763547631,-1.8777443275037144,-1.78,False,False,False,0.33850336399208114,0.6514285340601085,"Datadog, Inc.",7372,Services-Prepackaged Software,SEC SIC,100.0,Complete,84,84,Medium Risk,DDOG is Medium Risk because its Sloan accrual z-score of -1.88 was elevated.
DDOG,2023,2023-12-31,8-variable,1.0031812375016915,0.9821590010904186,0.8358528544922056,1.270586233657692,1.0328617722195648,1.0172509105497192,0.9149003593254504,-0.1553289675595365,-3.0095905448049853,-0.17616847555167006,-1.2052035840498503,-1.6057752020921265,-1.78,False,False,False,0.06846272348020066,0.17721208290458068,"Datadog, Inc.",7372,Services-Prepackaged Software,SEC SIC,100.0,Complete,84,84,Medium Risk,DDOG is Medium Risk because its M-Score z-score of -1.21 was elevated; its Sloan accrual z-score of -1.61 was elevated.
DDOG,2024,2024-12-31,8-variable,0.932459976528164,0.9993347395273887,0.7513887028355449,1.2611946574802466,0.9745925223346497,0.9027305233229858,1.0934880705805672,-0.11872372561054763,-2.9822118298603546,-0.14130808788971067,-0.6827122643129365,-0.8584478133089934,-1.78,False,False,False,-0.0599062047390132,-0.048288851045962256,"Datadog, Inc.",7372,Services-Prepackaged Software,SEC SIC,100.0,Complete,84,84,Low Risk,DDOG is Low Risk because neither the M-Score nor Sloan accrual thresholds were exceeded.
DDOG,2025,2025-12-31,8-variable,0.9693855149542736,1.0104922579023912,1.242389877620805,1.2767536858183308,1.3859321658976926,1.0678483744668255,0.825601250291785,-0.14184469111556502,-2.73178625566605,-0.15164214735594447,-0.2945894222450306,-1.1728264700108724,-1.78,False,False,False,0.914552355574765,,"Datadog, Inc.",7372,Services-Prepackaged Software,SEC SIC,100.0,Complete,84,84,Medium Risk,DDOG is Medium Risk because its Sloan accrual z-score of -1.17 was elevated.
DLTR,2020,2020-02-01,8-variable,1.0854416449121913,1.0208101493357955,1.3672766085238655,1.0345042128000772,1.0714012590867643,1.0238773445780889,0.7664672967385251,-0.05327311924637029,-2.3800439096298907,-0.06305516419859837,0.0896839100167493,-0.029974539013040216,-1.78,False,False,False,0.07212586196517679,0.15837832736718238,"DOLLAR TREE, INC.",5331,Retail-Variety Stores,SEC SIC,93.8,Complete,90,96,Low Risk,DLTR is Low Risk because neither the M-Score nor Sloan accrual thresholds were exceeded.
DXCM,2020,2020-12-31,8-variable,1.1465730732353685,0.9498755337330735,1.8753287017416682,1.3053523035230352,1.1424207516010794,0.918341328357967,0.9094349623965484,0.01727071436895467,-1.604763322780995,0.022167377159524344,1.0925147974397955,1.165961960392685,-1.78,True,False,True,0.15492804984900932,0.4523152938282631,DEXCOM INC,3841,Surgical & Medical Instruments & Apparatus,SEC SIC,95.2,Complete,80,84,High Risk,DXCM was flagged because its M-Score of -1.605 exceeded the -1.780 Beneish threshold.
DXCM,2021,2021-12-31,8-variable,0.9444515573914828,0.9680357398568267,1.1097137121992775,1.270825764260134,1.0208767641672054,1.0316633619894313,1.0204877876061464,-0.045730038716477815,-2.485796403191447,-0.04891693228387432,0.11547604513862617,0.245039557755183,-1.78,False,False,False,-0.44479003940828354,-0.15642055841795788,DEXCOM INC,3841,Surgical & Medical Instruments & Apparatus,SEC SIC,95.2,Complete,80,84,Low Risk,DXCM is Low Risk because neither the M-Score nor Sloan accrual thresholds were exceeded.
EA,2020,2020-03-31,8-variable,0.6615208761951917,0.9736635064658097,1.5704641091118723,1.1185858585858586,0.9764474423833615,0.9833845042441756,0.8116230541600798,0.11177105831533478,-1.8843350122555,0.12377298320793263,0.730886852396562,2.5918036553370336,-1.78,False,True,True,0.3018873847780015,0.3548814399197464,ELECTRONIC ARTS INC.,7372,Services-Prepackaged Software,SEC SIC,100.0,Complete,96,96,High Risk,EA was flagged because its Sloan accrual z-score of 2.59 was outside the +/-2.0 threshold.
EA,2021,2021-03-31,8-variable,1.1116807175731194,1.0247287512237668,1.1262861021249382,1.0166154957558244,0.9297263394792427,1.1508387184659903,1.24783705848859,-0.08255568934376882,-2.7997028708152123,-0.08991803278688525,-0.7350777605573197,-0.5198122528878582,-1.78,False,False,False,0.053324394167623135,-0.06069868454314442,ELECTRONIC ARTS INC.,7372,Services-Prepackaged Software,SEC SIC,100.0,Complete,96,96,Low Risk,EA is Low Risk because neither the M-Score nor Sloan accrual thresholds were exceeded.
EA,2022,2022-03-31,8-variable,1.0045407984106793,1.000683916534559,1.5690211162327148,1.2419612719843667,0.5741598079561042,0.9153460337035647,1.091391070250484,-0.08043478260869565,-2.470397739643912,-0.08195510927347903,0.029192237637424227,-0.5030951102565228,-1.78,False,False,False,-0.08278428537448723,-0.04215739848304334,ELECTRONIC ARTS INC.,7372,Services-Prepackaged Software,SEC SIC,100.0,Complete,96,96,Low Risk,EA is Low Risk because neither the M-Score nor Sloan accrual thresholds were exceeded.
EA,2023,2023-03-31,8-variable,0.9906656446166278,0.9675768028136179,1.0075317089938702,1.0622228579602346,0.9496016538926987,1.016959608203617,1.0238417891133156,-0.05557619436808084,-2.723711596234725,-0.054880956748229945,-0.27471867783576276,0.15487710803611576,-1.78,False,False,False,0.0026657412587907103,0.10785693177069877,ELECTRONIC ARTS INC.,7372,Services-Prepackaged Software,SEC SIC,100.0,Complete,96,96,Low Risk,EA is Low Risk because neither the M-Score nor Sloan accrual thresholds were exceeded.
EA,2024,2024-03-31,8-variable,0.8111676418410922,0.9803795719497309,0.9640955170432566,1.0183140317802317,1.2007847789387234,0.9333873450361923,0.9607794994230657,-0.07764530551415798,-2.9781843048636545,-0.07753264630380595,-0.6742830608230532,-0.05156681443746304,-1.78,False,False,False,0.08411719526205208,0.09511857655137024,ELECTRONIC ARTS INC.,7372,Services-Prepackaged Software,SEC SIC,100.0,Complete,96,96,Low Risk,EA is Low Risk because neither the M-Score nor Sloan accrual thresholds were exceeded.
EA,2025,2025-03-31,8-variable,1.2177119215860188,0.9755721173434742,1.0738225915816453,0.9869082253372123,1.0886061465937433,1.0924497176907282,1.0988349823296018,-0.07745795601552394,-2.6749129501866706,-0.074298123158058,-0.2222391876709263,-0.17634857467619008,-1.78,False,False,False,0.39900512783283726,0.41671872615266925,ELECTRONIC ARTS INC.,7372,Services-Prepackaged Software,SEC SIC,100.0,Complete,96,96,Low Risk,EA is Low Risk because neither the M-Score nor Sloan accrual thresholds were exceeded.
EA,2026,2026-03-31,8-variable,0.9223762205075184,1.0045301453653055,0.9462118091127619,1.0091116173120729,1.0951470095245608,1.014913569772903,1.002513238698147,-0.126875333181022,-3.1487195677701876,-0.13067179105062943,-1.3209159799197643,-1.260542998852695,-1.78,False,False,False,,,ELECTRONIC ARTS INC.,7372,Services-Prepackaged Software,SEC SIC,100.0,Complete,96,96,Medium Risk,EA is Medium Risk because its M-Score z-score of -1.32 was elevated; its Sloan accrual z-score of -1.26 was elevated.
FAST,2020,2020-12-31,8-variable,0.979609703517344,1.0371895600103342,1.303109140038776,1.0587959577779027,0.9563335007971567,0.9236132551213301,1.056794984771851,-0.06121522435493228,-2.6011020202313513,-0.06251448883393865,-0.19625630954627643,-0.022387187208910597,-1.78,False,False,False,0.07720999902871872,0.34057202228778616,FASTENAL CO,5200,"Retail-Building Materials, Hardware, Garden Supply",SEC SIC,100.0,Complete,84,84,Low Risk,FAST is Low Risk because neither the M-Score nor Sloan accrual thresholds were exceeded.
FAST,2021,2021-12-31,8-variable,1.0992290139164609,0.9841304773341751,0.8984599613512418,1.0643847502346253,0.9547565095583388,1.0276630624071739,0.9547806382397241,0.036031635264014886,-2.207261689008113,0.03748926025872188,0.870187354403575,1.8568970934357865,-1.78,False,False,False,-0.21215653409453472,-0.24339656353295014,FASTENAL CO,5200,"Retail-Building Materials, Hardware, Garden Supply",SEC SIC,100.0,Complete,84,84,Medium Risk,FAST is Medium Risk because its M-Score of -2.207 was close to the high-risk threshold; its Sloan accrual z-score of 1.86 was elevated.
FAST,2022,2022-12-31,8-variable,0.9691766058245671,1.0029317399509845,0.924133099139252,1.1613235954682326,0.9111952961800818,0.972821210279854,1.0672584340456797,0.03207580354394759,-2.2710077569955893,0.03298069532980695,0.5023047520313524,1.213310253902996,-1.78,False,False,False,0.2635751535682658,0.4130610337217637,FASTENAL CO,5200,"Retail-Building Materials, Hardware, Garden Supply",SEC SIC,100.0,Complete,84,84,Medium Risk,FAST is Medium Risk because its M-Score of -2.271 was close to the high-risk threshold; its Sloan accrual z-score of 1.21 was elevated.
FAST,2023,2023-12-31,8-variable,1.019939625425202,1.0089294237074051,1.0613206126518553,1.052445348537375,0.9975628395633169,0.9844608568172141,0.76801341876676,-0.06222411436509893,-2.598280590358424,-0.061632358652832495,0.13353683843379022,0.05687138183104195,-1.78,False,False,False,-0.01862219020194411,0.13525789076172146,FASTENAL CO,5200,"Retail-Building Materials, Hardware, Garden Supply",SEC SIC,100.0,Complete,84,84,Low Risk,FAST is Low Risk because neither the M-Score nor Sloan accrual thresholds were exceeded.
FAST,2024,2024-12-31,8-variable,0.9923872603067008,1.0128164533491284,0.9468710040001609,1.0271278260987926,1.047917785265165,1.0088357863641721,0.8956930545009111,-0.004831843337590464,-2.4620117604008347,-0.004955844949732014,0.4060139992157637,0.8666681756346183,-1.78,False,False,False,0.18119468510398873,0.13982856523854026,FASTENAL CO,5200,"Retail-Building Materials, Hardware, Garden Supply",SEC SIC,100.0,Complete,84,84,Low Risk,FAST is Low Risk because neither the M-Score nor Sloan accrual thresholds were exceeded.
FAST,2025,2025-12-31,8-variable,1.0336549333888956,1.0015612145378305,0.9724088180807243,1.086734693877551,1.0413993651437847,0.9900323767224095,0.9337702124452731,-0.007421480733836015,-2.388585240190796,-0.007691597698673968,0.14200686429766507,0.681790512262302,-1.78,False,False,False,0.20989465628521242,,FASTENAL CO,5200,"Retail-Building Materials, Hardware, Garden Supply",SEC SIC,100.0,Complete,84,84,Low Risk,FAST is Low Risk because neither the M-Score nor Sloan accrual thresholds were exceeded.
FTNT,2020,2020-12-31,8-variable,1.102843139470992,0.9818221032118281,1.0720863311187259,1.1994452149791957,1.1399760509232997,0.9758020967635256,0.6917091429121912,-0.14716281369761405,-2.7554586414680036,-0.15023284576649798,-0.39591768386693216,-1.2533477177416954,-1.78,False,False,False,0.6036491446691159,1.419713147755186,"Fortinet, Inc.",3577,"Computer Peripheral Equipment, NEC",SEC SIC,100.0,Complete,84,84,Medium Risk,FTNT is Medium Risk because its Sloan accrual z-score of -1.25 was elevated.
FTNT,2021,2021-12-31,8-variable,0.8708073524425031,1.0190314806980327,1.3017032771489683,1.2882362010484119,1.217701348436606,0.9321557794342363,1.2349383450776767,-0.15085063607643054,-2.9557639026754674,-0.17923240595768597,-1.1579371733447956,-2.185920215797748,-1.78,False,True,True,-0.2128547023787727,-0.3198386024239356,"Fortinet, Inc.",3577,"Computer Peripheral Equipment, NEC",SEC SIC,100.0,Complete,84,84,High Risk,FTNT was flagged because its Sloan accrual z-score of -2.19 was outside the +/-2.0 threshold.
FTNT,2022,2022-12-31,8-variable,1.1818754953531958,1.015005419118528,0.885250344256728,1.321704266650709,1.051126930585845,0.8910467932561272,1.1695125568145341,-0.14022157996146437,-2.751058168189053,-0.14378740604753398,-0.636758775930137,-1.426473914864961,-1.78,False,False,False,0.5461238961253787,0.19717732685612455,"Fortinet, Inc.",3577,"Computer Peripheral Equipment, NEC",SEC SIC,100.0,Complete,84,84,Medium Risk,FTNT is Medium Risk because its Sloan accrual z-score of -1.43 was elevated.
FTNT,2023,2023-12-31,8-variable,0.9253150427546349,0.9838620463975448,1.0088381839375444,1.200887399827953,1.0619167565384822,1.0411432896766932,0.9934641665996773,-0.10851506426593562,-2.8800298002114024,-0.116809644914695,-0.7835065060204803,-0.7441015252080961,-1.78,False,False,False,0.029728373735798952,0.6142150235334174,"Fortinet, Inc.",3577,"Computer Peripheral Equipment, NEC",SEC SIC,100.0,Complete,84,84,Low Risk,FTNT is Low Risk because neither the M-Score nor Sloan accrual thresholds were exceeded.
FTNT,2024,2024-12-31,8-variable,0.9297023881921597,0.9517677452324167,1.0165211859088488,1.1227190469009198,1.1742956567633887,1.0024004725646782,0.7977438710059761,-0.0525345433315238,-2.614040739258191,-0.060263188814475385,0.08783268433930903,0.16692476731334335,-1.78,False,False,False,0.11896695030064963,-0.15950464817292243,"Fortinet, Inc.",3577,"Computer Peripheral Equipment, NEC",SEC SIC,100.0,Complete,84,84,Low Risk,FTNT is Low Risk because neither the M-Score nor Sloan accrual thresholds were exceeded.
FTNT,2025,2025-12-31,8-variable,1.0122520371428,1.001333409036383,1.1043941154597845,1.1416770207192988,0.9718002981371789,0.8596976540103208,1.0281505689751698,-0.07095830285296269,-2.6198030580379386,-0.07316286478466477,-0.1521322439878306,-0.1617222362316632,-1.78,False,False,False,0.9345169126404103,,"Fortinet, Inc.",3577,"Computer Peripheral Equipment, NEC",SEC SIC,100.0,Complete,84,84,Low Risk,FTNT is Low Risk because neither the M-Score nor Sloan accrual thresholds were exceeded.
GILD,2020,2020-12-31,8-variable,1.241807753444474,0.9716916251962192,1.5931156127145,1.0997817274711568,0.9781090147852288,1.0690839189020662,1.1324939789586308,-0.11760492347274401,-2.5518585456858456,-0.12373686881892428,-0.1325595291599922,-0.8815270067650226,-1.78,False,False,False,0.20786579026283292,0.2995490449006786,"GILEAD SCIENCES, INC.",2836,"Biological Products, (No Diagnostic Substances)",SEC SIC,100.0,Complete,84,84,Low Risk,GILD is Low Risk because neither the M-Score nor Sloan accrual thresholds were exceeded.
GILD,2021,2021-12-31,8-variable,0.8304457924571215,1.0746019841542858,1.0197453503459457,1.1059581190003644,0.9078631148797353,0.920869428304572,0.9249122315346846,-0.07592123852130916,-2.821775317828162,-0.07566790604213877,-0.7948847595975181,-0.25398438219907554,-1.78,False,False,False,-0.12711617685564514,0.23629599998566286,"GILEAD SCIENCES, INC.",2836,"Biological Products, (No Diagnostic Substances)",SEC SIC,100.0,Complete,84,84,Low Risk,GILD is Low Risk because neither the M-Score nor Sloan accrual thresholds were exceeded.
GILD,2022,2022-12-31,8-variable,1.0641447774863435,0.9566131157178643,0.968112877857383,0.9991210401025453,1.0836151901610476,1.0823466881712547,0.9998075596383529,-0.0709186177201564,-2.7938746769989664,-0.06833278677272485,-0.7383537802105506,-0.2996647911030697,-1.78,False,False,False,-0.08497499074249582,-0.019928127376859228,"GILEAD SCIENCES, INC.",2836,"Biological Products, (No Diagnostic Substances)",SEC SIC,100.0,Complete,84,84,Low Risk,GILD is Low Risk because neither the M-Score nor Sloan accrual thresholds were exceeded.
GILD,2023,2023-12-31,8-variable,0.9814435738340674,1.0424490479973945,0.9573591208081261,0.9939518346101682,0.8924434297429661,1.0800383318970639,1.025014777911194,-0.03768209255533199,-2.707910635560493,-0.03736751372749329,-0.2232893736334578,0.40910841078649196,-1.78,False,False,False,-0.13389958811064895,0.1868255183094858,"GILEAD SCIENCES, INC.",2836,"Biological Products, (No Diagnostic Substances)",SEC SIC,100.0,Complete,84,84,Low Risk,GILD is Low Risk because neither the M-Score nor Sloan accrual thresholds were exceeded.
GILD,2024,2024-12-31,8-variable,0.8944657373290255,0.9715804295540421,0.8897558692902588,1.0604071396961203,0.9494499574433817,0.943188862250678,1.127324325670626,-0.17540469531316213,-3.441147878116266,-0.17087186261558784,-1.643219112255922,-1.2324859616626516,-1.78,False,False,False,0.21728777755230633,0.3659344459018439,"GILEAD SCIENCES, INC.",2836,"Biological Products, (No Diagnostic Substances)",SEC SIC,100.0,Complete,84,84,Medium Risk,GILD is Medium Risk because its M-Score z-score of -1.64 was elevated; its Sloan accrual z-score of -1.23 was elevated.
GILD,2025,2025-12-31,8-variable,1.0855271855136,0.9928137475049021,1.018901439310208,1.0239618835640258,1.0618921250845323,0.9257727420060096,0.9194010354789349,-0.025566304660894906,-2.4494833443747157,-0.025572370316392416,0.06453656279703744,0.45141984239031735,-1.78,False,False,False,0.04197922011174837,,"GILEAD SCIENCES, INC.",2836,"Biological Products, (No Diagnostic Substances)",SEC SIC,100.0,Complete,84,84,Low Risk,GILD is Low Risk because neither the M-Score nor Sloan accrual thresholds were exceeded.
GOOG,2022,2022-12-31,8-variable,0.9330157848502884,1.028175805437029,1.1745464266689458,1.0978081564371578,0.8915032665664631,1.0601839689508796,1.0442825014889539,-0.08630196241622498,-2.8101030478875964,-0.08701617043829672,-0.7768604556897238,-0.5786749747001233,-1.78,False,False,False,0.36334932488762295,0.5883014582191404,Alphabet Inc.,7370,"Services-Computer Programming, Data Processing, Etc.",SEC SIC,96.4,Complete,81,84,Low Risk,GOOG is Low Risk because neither the M-Score nor Sloan accrual thresholds were exceeded.
GOOG,2023,2023-12-31,8-variable,1.096232059936055,0.978002570866008,0.9978422417843531,1.086827702272695,1.3081595518570823,0.9611289160485965,1.005057705566014,-0.06946211654307242,-2.6110455094553706,-0.07282168054441052,0.09198930718619372,-0.10555675283219751,-1.78,False,False,False,0.3029783177315708,0.3561646304439552,Alphabet Inc.,7370,"Services-Computer Programming, Data Processing, Etc.",SEC SIC,96.4,Complete,81,84,Low Risk,GOOG is Low Risk because neither the M-Score nor Sloan accrual thresholds were exceeded.
GOOG,2024,2024-12-31,8-variable,0.9583481997310522,0.9729316900953744,1.069551838644166,1.1386624332290156,0.9938566563183231,0.7586139226429695,0.9539950423808428,-0.05592596211932767,-2.586647925457402,-0.0590654056539158,0.14516308002313927,0.18207900927530607,-1.78,False,False,False,-0.0663434721439633,0.6541778336624235,Alphabet Inc.,7370,"Services-Computer Programming, Data Processing, Etc.",SEC SIC,96.4,Complete,81,84,Low Risk,GOOG is Low Risk because neither the M-Score nor Sloan accrual thresholds were exceeded.
GOOGL,2022,2022-12-31,8-variable,0.9330157848502884,1.028175805437029,1.1745464266689458,1.0978081564371578,0.8915032665664631,1.0601839689508796,1.0442825014889539,-0.08630196241622498,-2.8101030478875964,-0.08701617043829672,-0.7768604556897238,-0.5786749747001233,-1.78,False,False,False,0.3566813596527003,0.583248268600824,Alphabet Inc.,7370,"Services-Computer Programming, Data Processing, Etc.",SEC SIC,96.4,Complete,81,84,Low Risk,GOOGL is Low Risk because neither the M-Score nor Sloan accrual thresholds were exceeded.
GOOGL,2023,2023-12-31,8-variable,1.096232059936055,0.978002570866008,0.9978422417843531,1.086827702272695,1.3081595518570823,0.9611289160485965,1.005057705566014,-0.06946211654307242,-2.6110455094553706,-0.07282168054441052,0.09198930718619372,-0.10555675283219751,-1.78,False,False,False,0.30545532087464977,0.3600561368089519,Alphabet Inc.,7370,"Services-Computer Programming, Data Processing, Etc.",SEC SIC,96.4,Complete,81,84,Low Risk,GOOGL is Low Risk because neither the M-Score nor Sloan accrual thresholds were exceeded.
GOOGL,2024,2024-12-31,8-variable,0.9583481997310522,0.9729316900953744,1.069551838644166,1.1386624332290156,0.9938566563183231,0.7586139226429695,0.9539950423808428,-0.05592596211932767,-2.586647925457402,-0.0590654056539158,0.14516308002313927,0.18207900927530607,-1.78,False,False,False,-0.06684339824736096,0.6599357468859344,Alphabet Inc.,7370,"Services-Computer Programming, Data Processing, Etc.",SEC SIC,96.4,Complete,81,84,Low Risk,GOOGL is Low Risk because neither the M-Score nor Sloan accrual thresholds were exceeded.
HON,2020,2020-12-31,8-variable,1.0247938081261991,1.0506151599543292,0.9645209844945937,0.8890735242038738,1.1118094336979705,0.9725285586253791,1.1283679137252136,-0.022125538042300188,-2.671663358238705,-0.02318581917008072,-0.2875278961331125,0.5295159920970117,-1.78,False,False,False,0.04022602476348491,-0.002947774814952009,HONEYWELL INTERNATIONAL INC,3724,Aircraft Engines & Engine Parts,SEC SIC,96.4,Complete,81,84,Low Risk,HON is Low Risk because neither the M-Score nor Sloan accrual thresholds were exceeded.
HON,2021,2021-12-31,8-variable,0.9493876986322626,0.8945664717805579,1.0893401923323913,1.0537733247541134,0.8984002029926443,0.9541411095428145,0.9379999901013892,-0.007693500853109974,-2.5176931115272945,-0.007686585668237045,0.029049451670837736,1.0141678220098111,-1.78,False,False,False,-0.15752931993646535,0.0490282264229136,HONEYWELL INTERNATIONAL INC,3724,Aircraft Engines & Engine Parts,SEC SIC,96.4,Complete,81,84,Medium Risk,HON is Medium Risk because its Sloan accrual z-score of 1.01 was elevated.
HON,2022,2022-12-31,8-variable,1.056324746799339,0.9692869001438175,0.9823361908213076,1.031228192602931,0.9416559230425943,1.0537946893086692,1.0709340161908896,-0.004945804897631473,-2.48597748059668,-0.00486015227425145,-0.007775368848457773,0.6482101614110886,-1.78,False,False,False,-0.021495518091926513,0.00018906254173356452,HONEYWELL INTERNATIONAL INC,3724,Aircraft Engines & Engine Parts,SEC SIC,96.4,Complete,81,84,Low Risk,HON is Low Risk because neither the M-Score nor Sloan accrual thresholds were exceeded.
IDXX,2020,2020-12-31,8-variable,1.0943629695150408,0.9774475401526774,0.8730156985572418,1.124536126848222,0.9600105167635244,1.0237241655320695,0.8081525760275655,-0.028888750397134788,-2.426424901992727,-0.03212329623487656,0.02968977045002471,0.40409547700728976,-1.78,False,False,False,0.2634284793287318,0.317262545070923,IDEXX LABORATORIES INC /DE,2835,In Vitro & In Vivo Diagnostic Substances,SEC SIC,91.7,Complete,88,96,Low Risk,IDXX is Low Risk because neither the M-Score nor Sloan accrual thresholds were exceeded.
IDXX,2021,2021-12-31,8-variable,0.9355588416849886,0.9877628277085628,1.2437115649957278,1.1879460071564347,0.9757244315471976,0.8664916386904566,1.0051834774790624,-0.00439068883470109,-2.2817070643979256,-0.004523048909455332,0.668471863054857,1.0731817701308457,-1.78,False,False,False,-0.46734805564111703,-0.38043316550504347,IDEXX LABORATORIES INC /DE,2835,In Vitro & In Vivo Diagnostic Substances,SEC SIC,91.7,Complete,88,96,Medium Risk,IDXX is Medium Risk because its Sloan accrual z-score of 1.07 was elevated.
IDXX,2022,2022-12-31,8-variable,1.0385273191674493,0.9872237780515607,0.9884818983223962,1.0472618929140127,1.0280444950193572,1.0060219292036754,1.112993424385615,0.049551017287609245,-2.2167067109343535,0.052509969197340724,0.6311502642031641,1.5049526236595212,-1.78,False,False,False,0.23107662885033275,0.3605500525021146,IDEXX LABORATORIES INC /DE,2835,In Vitro & In Vivo Diagnostic Substances,SEC SIC,91.7,Complete,88,96,Medium Risk,IDXX is Medium Risk because its M-Score of -2.217 was close to the high-risk threshold; its Sloan accrual z-score of 1.50 was elevated.
IDXX,2023,2023-12-31,8-variable,1.050263069907661,0.995043443426641,0.8990050988560085,1.0871995091651412,1.0450787485052473,0.9467949171687035,0.6872855158577381,-0.018855648519521154,-2.3710276282257854,-0.020466513171147505,0.8732046321429597,0.6544492831744669,-1.78,False,False,False,-0.12224119823104163,-0.25513014767308206,IDEXX LABORATORIES INC /DE,2835,In Vitro & In Vivo Diagnostic Substances,SEC SIC,91.7,Complete,88,96,Low Risk,IDXX is Low Risk because neither the M-Score nor Sloan accrual thresholds were exceeded.
IDXX,2024,2024-12-31,8-variable,0.9724280253900969,0.9800527831910983,1.099685842099578,1.0646145962540354,0.9124551017723628,1.237093891755491,0.9541586835582451,-0.012489665070869604,-2.512285892117649,-0.012553544986333745,0.30079531357993605,0.7705427762298671,-1.78,False,False,False,0.29726205419970264,0.6363439079476945,IDEXX LABORATORIES INC /DE,2835,In Vitro & In Vivo Diagnostic Substances,SEC SIC,91.7,Complete,88,96,Low Risk,IDXX is Low Risk because neither the M-Score nor Sloan accrual thresholds were exceeded.
IDXX,2025,2025-12-31,8-variable,1.0563114391273782,0.9876972457643521,0.9904960028179832,1.1042200341551927,0.9475336402833378,0.8288393129242114,0.9867505530410442,-0.03651142920156299,-2.4886630759032524,-0.036826393899523226,0.014694853356255543,0.3064262782401924,-1.78,False,False,False,-0.22185271954810182,,IDEXX LABORATORIES INC /DE,2835,In Vitro & In Vivo Diagnostic Substances,SEC SIC,91.7,Complete,88,96,Low Risk,IDXX is Low Risk because neither the M-Score nor Sloan accrual thresholds were exceeded.
ILMN,2021,2021-01-03,8-variable,0.9296822592455496,1.023751257009884,1.0641127945364144,0.9141970081851538,1.0352186455742085,1.2327169064156345,1.0238173348780268,-0.05589980224126566,-2.88810696435346,-0.05690893228642373,-0.9746154762573326,0.09595342109989458,-1.78,False,False,False,0.2830540795137837,0.029378332752526104,"ILLUMINA, INC.",3826,Laboratory Analytical Instruments,SEC SIC,83.3,Partial,80,96,Low Risk,ILMN is Low Risk because neither the M-Score nor Sloan accrual thresholds were exceeded.
ILMN,2022,2022-01-02,5-variable,0.9522312788261481,0.976014814690099,2.6248950202363006,1.3973448595245446,0.856537780348399,,,0.01426036669514359,-1.7469356816403472,0.01903341812121744,1.745822876671946,1.0050271910326254,-2.22,True,False,True,-0.4978445926388938,-0.46851013176698375,"ILLUMINA, INC.",3826,Laboratory Analytical Instruments,SEC SIC,83.3,Partial,80,96,High Risk,ILMN was flagged because its M-Score of -1.747 exceeded the -2.220 Beneish threshold.
ILMN,2023,2023-01-01,5-variable,1.022392029172861,1.0748378294632654,0.822230829696012,1.0128148475475034,0.7419826813974321,,,-0.3914462944825335,-2.956605011886196,-0.34919363646292184,-1.0327451400993122,-4.117469334135545,-2.22,False,True,True,-0.07274976577615966,-0.31137492749475637,"ILLUMINA, INC.",3826,Laboratory Analytical Instruments,SEC SIC,83.3,Partial,80,96,High Risk,ILMN was flagged because its Sloan accrual z-score of -4.12 was outside the +/-2.0 threshold.
ILMN,2023,2023-12-31,5-variable,1.1133193743332637,1.0641882781534453,1.0355675684116832,0.9825479930191972,0.8837853847113107,,,-0.1621006824250816,-2.7714400596897,-0.14658140678799803,-0.43006629984064143,-1.1762788987412098,-2.22,False,False,False,-0.22936912822748579,-0.013418184829133817,"ILLUMINA, INC.",3826,Laboratory Analytical Instruments,SEC SIC,83.3,Partial,80,96,Medium Risk,ILMN is Medium Risk because its Sloan accrual z-score of -1.18 was elevated.
ILMN,2024,2024-12-29,5-variable,1.0315956632621264,0.9309964407729849,0.6772283003181518,0.9706927175843695,0.9913664150010012,,,-0.3268284943677614,-3.1688547267931826,-0.2510052394297551,-1.0733370175986772,-2.24632604679433,-2.22,False,True,True,-0.29925336052624607,-0.00584023449375104,"ILLUMINA, INC.",3826,Laboratory Analytical Instruments,SEC SIC,83.3,Partial,80,96,High Risk,ILMN was flagged because its Sloan accrual z-score of -2.25 was outside the +/-2.0 threshold.
ILMN,2025,2025-12-28,5-variable,1.1696632786202208,0.9902517923689236,0.8981625052530903,0.9933668801463861,1.1540918163672655,,,-0.034467188440698376,-2.8368567547779753,-0.03537499034525372,-0.4282527497673285,0.3251257391751365,-2.22,False,False,False,0.3082623715765671,,"ILLUMINA, INC.",3826,Laboratory Analytical Instruments,SEC SIC,83.3,Partial,80,96,Low Risk,ILMN is Low Risk because neither the M-Score nor Sloan accrual thresholds were exceeded.
INTC,2020,2020-12-26,8-variable,0.8183773533329995,1.0454918242527464,0.8803275155545475,1.0820120892100327,0.9117369895956823,0.8994616198486639,1.0984078165517437,-0.09775231724921779,-3.080686145100781,-0.10334409474647377,-0.8166017453730505,-0.5953531559419999,-1.78,False,False,False,0.20237535585335054,0.11834385250001889,INTEL CORP,3674,Semiconductors & Related Devices,SEC SIC,96.4,Complete,81,84,Low Risk,INTC is Low Risk because neither the M-Score nor Sloan accrual thresholds were exceeded.
INTC,2021,2021-12-25,8-variable,1.374010455946505,1.010156710810838,0.860060890759471,1.0148586692693953,1.149441734395778,1.0432367541776666,0.9450333154624909,-0.056933838461812526,-2.4124993509480652,-0.05964596870266285,0.3140800662785304,0.04489559013746215,-1.78,False,False,False,-0.23578942406913928,-0.4713404911764637,INTEL CORP,3674,Semiconductors & Related Devices,SEC SIC,96.4,Complete,81,84,Low Risk,INTC is Low Risk because neither the M-Score nor Sloan accrual thresholds were exceeded.
INTC,2022,2022-12-31,8-variable,0.5477197265240632,1.3012880429032905,1.00878346809675,0.7979094958493622,1.1240065672597663,1.3411938475564427,1.059273313954294,-0.040740679725210456,-3.168166574178355,-0.04233272184166455,-1.6264735254444203,0.08860978591147904,-1.78,False,False,False,0.2858898912140768,0.9456240269464047,INTEL CORP,3674,Semiconductors & Related Devices,SEC SIC,96.4,Complete,81,84,Medium Risk,INTC is Medium Risk because its M-Score z-score of -1.63 was elevated.
ISRG,2020,2020-12-31,8-variable,1.0280337687126804,1.0578756190101983,0.6805371022480889,0.9731829853745674,0.8934368412941576,1.0606045002999414,0.8481726254556403,-0.03798046360877078,-2.727376168736802,-0.040589223092416554,-0.35959280803774635,0.2852922734313113,-1.78,False,False,False,0.12411678641299728,0.31756498609978645,INTUITIVE SURGICAL INC,3842,"Orthopedic, Prosthetic & Surgical Appliances & Supplies",SEC SIC,100.0,Complete,84,84,Low Risk,ISRG is Low Risk because neither the M-Score nor Sloan accrual thresholds were exceeded.
ISRG,2021,2021-12-31,8-variable,0.9255128630366206,0.9469655833642616,1.6207937564576236,1.3101367474302497,0.9464581628681055,0.9202900624831014,0.9371785471348031,-0.028388048690520102,-2.153819948426601,-0.031127775148742716,1.0149918758863912,0.5768859930385437,-1.78,False,False,False,-0.441385990723947,-0.2614806147546762,INTUITIVE SURGICAL INC,3842,"Orthopedic, Prosthetic & Surgical Appliances & Supplies",SEC SIC,100.0,Complete,84,84,Medium Risk,ISRG is Medium Risk because its M-Score of -2.154 was close to the high-risk threshold; its M-Score z-score of 1.01 was elevated.
ISRG,2022,2022-12-31,8-variable,1.104590789269793,1.0280054621659556,0.7784866960512936,1.0896831929388278,1.0754916453575774,1.0887845970790795,1.2128200657869912,-0.012987513488515493,-2.5154337051485993,-0.012703079648686343,-0.07766909308279302,0.5310870189520613,-1.78,False,False,False,0.2886376279486955,0.27137734159295657,INTUITIVE SURGICAL INC,3842,"Orthopedic, Prosthetic & Surgical Appliances & Supplies",SEC SIC,100.0,Complete,84,84,Low Risk,ISRG is Low Risk because neither the M-Score nor Sloan accrual thresholds were exceeded.
ISRG,2023,2023-12-31,8-variable,1.047785197547271,1.0157955131204441,0.7762428972385236,1.144948731959757,1.2387967383451526,0.9858459158050437,0.9227160654494297,-0.0010232166564129134,-2.338420844682543,-0.001112069117207158,0.9793338874760787,0.935405204863677,-1.78,False,False,False,0.3186211329714692,0.5471900777702556,INTUITIVE SURGICAL INC,3842,"Orthopedic, Prosthetic & Surgical Appliances & Supplies",SEC SIC,100.0,Complete,84,84,Low Risk,ISRG is Low Risk because neither the M-Score nor Sloan accrual thresholds were exceeded.
ISRG,2024,2024-12-31,8-variable,0.9248193213989158,0.9841213394838871,1.4330672479875972,1.1723726505804242,1.1290139084900346,0.9294557632229328,0.8921163700128061,-0.00492978786973409,-2.189652906795441,-0.005405927213051453,0.9760336021213241,0.8609737763929859,-1.78,False,False,False,0.041095007795441285,0.08506391583612927,INTUITIVE SURGICAL INC,3842,"Orthopedic, Prosthetic & Surgical Appliances & Supplies",SEC SIC,100.0,Complete,84,84,Medium Risk,ISRG is Medium Risk because its M-Score of -2.190 was close to the high-risk threshold.
ISRG,2025,2025-12-31,8-variable,1.0342876213065655,1.0221600933920874,0.6999111609769562,1.205050226889046,0.8549347176341042,0.9248460822961422,1.0417170556142716,-0.008529378699526363,-2.432392421415183,-0.008902629719477882,0.08627843756214099,0.6661879281998792,-1.78,False,False,False,-0.2978317625512946,,INTUITIVE SURGICAL INC,3842,"Orthopedic, Prosthetic & Surgical Appliances & Supplies",SEC SIC,100.0,Complete,84,84,Low Risk,ISRG is Low Risk because neither the M-Score nor Sloan accrual thresholds were exceeded.
KDP,2020,2020-12-31,8-variable,0.8996215089157307,1.0215882243326524,0.9939208396008292,1.0447841726618705,1.066872594740035,0.9610007413342924,0.9708426669952482,-0.022720424275296813,-2.605834324542718,-0.02278014441523913,-0.20237757842960077,0.5352088667575289,-1.78,False,False,False,0.11721057663985879,0.1749461829773944,Keurig Dr Pepper Inc.,2080,Beverages,SEC SIC,100.0,Complete,84,84,Low Risk,KDP is Low Risk because neither the M-Score nor Sloan accrual thresholds were exceeded.
KDP,2021,2021-12-31,8-variable,1.003436709474063,1.0148429560738796,0.9809391700757513,1.0916681012222413,0.9961225766103814,0.956327252383576,0.9433893330464255,-0.014387920471164868,-2.436677358366553,-0.014505314962591031,0.24856788878307523,0.8869683716758279,-1.78,False,False,False,-0.025096075230613413,-0.012256045417723072,Keurig Dr Pepper Inc.,2080,Beverages,SEC SIC,100.0,Complete,84,84,Low Risk,KDP is Low Risk because neither the M-Score nor Sloan accrual thresholds were exceeded.
KDP,2022,2022-12-31,8-variable,1.1663297688678673,1.0559669876945261,0.9868240309376997,1.1083339903808247,1.022615077639001,1.0091439824452475,1.0347299700772397,-0.02702702702702703,-2.34290340594714,-0.02735393176160492,0.33171076933641735,0.3122970496912351,-1.78,False,False,False,-0.10738300477688623,-0.04236356318742285,Keurig Dr Pepper Inc.,2080,Beverages,SEC SIC,100.0,Complete,84,84,Low Risk,KDP is Low Risk because neither the M-Score nor Sloan accrual thresholds were exceeded.
KDP,2023,2023-12-31,8-variable,0.8747269374748226,0.955118745672675,1.0056022859246894,1.0538521732944441,1.0650028404689356,1.0034435467685923,0.9794751693583447,0.01634375599462881,-2.478581967187352,0.016389815999307472,0.5231344730701047,1.1894687290085584,-1.78,False,False,False,0.02261091038822194,-0.010514961511734033,Keurig Dr Pepper Inc.,2080,Beverages,SEC SIC,100.0,Complete,84,84,Medium Risk,KDP is Medium Risk because its Sloan accrual z-score of 1.19 was elevated.
KDP,2024,2024-12-31,8-variable,1.0595452379238108,0.9816972575067429,0.9844182603047089,1.0362494937221547,1.0401567450340892,0.984861170435904,1.086266657430187,-0.014561107991764926,-2.497961420492463,-0.014740431981811292,0.3307749875267597,0.7428744838676222,-1.78,False,False,False,0.0510977505914918,-0.10143415423951341,Keurig Dr Pepper Inc.,2080,Beverages,SEC SIC,100.0,Complete,84,84,Low Risk,KDP is Low Risk because neither the M-Score nor Sloan accrual thresholds were exceeded.
KDP,2025,2025-12-31,8-variable,1.0286239239487385,1.0250705553608186,0.9736562253656257,1.0815582046772196,1.0093727890538287,0.9869322715826521,0.9784168673907095,0.0015867577850303828,-2.3605140590484863,0.0016163248813011416,0.17771705422419656,0.8017110775370166,-1.78,False,False,False,0.19705840805380093,,Keurig Dr Pepper Inc.,2080,Beverages,SEC SIC,100.0,Complete,84,84,Low Risk,KDP is Low Risk because neither the M-Score nor Sloan accrual thresholds were exceeded.
KLAC,2020,2020-06-30,8-variable,0.8800921385085642,1.021999707114219,0.923168188131471,1.2708570808228845,0.8526877151400732,0.9642081130844148,1.015455191552277,-0.0605676102052164,-2.6673693271138985,-0.06146657600119332,-0.2819735366965964,-0.007681720968360169,-1.78,False,False,False,0.3486319983135049,0.6904412245502201,KLA CORP,3827,Optical Instruments & Lenses,SEC SIC,100.0,Complete,84,84,Low Risk,KLAC is Low Risk because neither the M-Score nor Sloan accrual thresholds were exceeded.
KLAC,2021,2021-06-30,8-variable,0.9893327476239345,0.9646340963494254,0.8755792618378594,1.1915654109999545,1.1987274537841857,0.8340343091653383,0.96581444772937,-0.010391657232450899,-2.373920833508427,-0.010918473881039026,0.4186115373080471,0.953878817055518,-1.78,False,False,False,0.3248884944712802,-0.004162035495232974,KLA CORP,3827,Optical Instruments & Lenses,SEC SIC,100.0,Complete,84,84,Low Risk,KLAC is Low Risk because neither the M-Score nor Sloan accrual thresholds were exceeded.
KLAC,2022,2022-06-30,8-variable,1.0424063360597149,0.9824658940542955,0.9542563115287046,1.3314405496728159,1.11713150810421,0.8853075967856222,1.4064113638998283,0.0007227860915157535,-2.26939704168683,0.0007963018709114644,0.5061266570216544,0.7326813866345155,-1.78,False,False,False,0.18981931540843733,0.540737094690211,KLA CORP,3827,Optical Instruments & Lenses,SEC SIC,100.0,Complete,84,84,Medium Risk,KLAC is Medium Risk because its M-Score of -2.269 was close to the high-risk threshold.
KLAC,2023,2023-06-30,8-variable,0.8493073928474323,1.0199220272337093,0.9128089285502904,1.1394039633373545,1.0438734465816468,1.0065625533145455,0.9047237066384717,-0.02007680731806335,-2.577862572094937,-0.021187392538539893,0.19999384026618966,0.6439847445636961,-1.78,False,False,False,0.2050768531264986,0.7165527874747732,KLA CORP,3827,Optical Instruments & Lenses,SEC SIC,100.0,Complete,84,84,Low Risk,KLAC is Low Risk because neither the M-Score nor Sloan accrual thresholds were exceeded.
KLAC,2024,2024-06-30,8-variable,1.1183004607963356,0.9973802719885507,0.8383595882561417,0.9348508620761932,1.0795490593150168,1.0514509813389021,0.9976854612136816,-0.03542143144364692,-2.6606440003407332,-0.037055543051474786,-0.009703239405117083,0.46054575885886073,-1.78,False,False,False,-0.22795286781157797,0.09649676224221349,KLA CORP,3827,Optical Instruments & Lenses,SEC SIC,100.0,Complete,84,84,Low Risk,KLAC is Low Risk because neither the M-Score nor Sloan accrual thresholds were exceeded.
KLAC,2025,2025-06-30,8-variable,0.9969191324172755,0.9845319180671528,0.921116095475651,1.2388764775285417,1.11053816415003,0.8573244321845787,0.9084963421637229,-0.0012608970193166188,-2.248518779408441,-0.0012862882812026807,0.3201896023704887,0.7643146544113941,-1.78,False,False,False,0.3937612222340521,2.389985373913309,KLA CORP,3827,Optical Instruments & Lenses,SEC SIC,100.0,Complete,84,84,Medium Risk,KLAC is Medium Risk because its M-Score of -2.249 was close to the high-risk threshold.
LRCX,2020,2020-06-28,8-variable,1.3846789412491964,0.9840252834957144,0.9179632584324398,1.0405215320070038,0.9239022332941068,0.9337903680485805,1.0905031363503386,0.008606469915235523,-2.118215700736756,0.00943525657388938,0.4283605382345335,0.9872908308940977,-1.78,False,False,False,0.5839297231556095,1.1619083722321166,LAM RESEARCH CORP,3559,"Special Industry Machinery, NEC",SEC SIC,100.0,Complete,84,84,Medium Risk,LRCX is Medium Risk because its M-Score of -2.118 was close to the high-risk threshold.
LRCX,2021,2021-06-27,8-variable,0.9911062253198146,0.9861014955620504,1.029374553280428,1.4561009866262289,1.0291069320072297,0.8350873267784468,0.9575107440318915,0.02015428747472337,-1.936903108682378,0.021036610085533907,1.6027447978335734,1.549982422354817,-1.78,False,False,False,0.15279422039250523,-0.27850409993982184,LAM RESEARCH CORP,3559,"Special Industry Machinery, NEC",SEC SIC,100.0,Complete,84,84,Medium Risk,LRCX is Medium Risk because its M-Score of -1.937 was close to the high-risk threshold; its M-Score z-score of 1.60 was elevated; its Sloan accrual z-score of 1.55 was elevated.
LRCX,2022,2022-06-26,8-variable,1.2101816713533495,1.018248629592961,1.0248619232596479,1.1778245813149735,1.1524229959747516,0.906173779188324,1.0372519663920519,0.08755781700841236,-1.6771654551111153,0.09100712214513973,1.9113736574315756,2.0798537178184993,-1.78,True,True,True,-0.07759315721117377,0.3973022941991753,LAM RESEARCH CORP,3559,"Special Industry Machinery, NEC",SEC SIC,100.0,Complete,84,84,High Risk,LRCX was flagged because its M-Score of -1.677 exceeded the -1.780 Beneish threshold; its Sloan accrual z-score of 2.08 was outside the +/-2.0 threshold.
LRCX,2023,2023-06-25,8-variable,0.6469297568724298,1.0240385345681302,1.0389189145134985,1.0116953935032016,0.9875539846901508,0.929312216846114,0.8792917578712267,-0.03556701615508292,-2.8821962114287705,-0.03713494143177881,-0.7905577875104094,0.41248451208497044,-1.78,False,False,False,0.2886531264779093,0.7465427343365838,LAM RESEARCH CORP,3559,"Special Industry Machinery, NEC",SEC SIC,100.0,Complete,84,84,Low Risk,LRCX is Low Risk because neither the M-Score nor Sloan accrual thresholds were exceeded.
LRCX,2024,2024-06-30,8-variable,1.043325280346646,0.9430391315270918,0.9969588123142189,0.8552297854848916,1.1014633544352075,1.2191138568747735,0.9641481086200638,-0.04398554089448511,-2.8206838267937817,-0.043942271955900024,-0.3446504501024194,0.3734155005779333,-1.78,False,False,False,-0.3182918444844356,-0.07521337221205437,LAM RESEARCH CORP,3559,"Special Industry Machinery, NEC",SEC SIC,100.0,Complete,84,84,Low Risk,LRCX is Low Risk because neither the M-Score nor Sloan accrual thresholds were exceeded.
LRCX,2025,2025-06-29,8-variable,1.0841357575070718,0.9715027322294655,1.0408374870887664,1.236840897645992,1.0217679994777382,0.9141625627545522,1.0261475520148826,-0.0381839808931819,-2.3598269719541576,-0.04066087522899733,0.17859111828691485,0.25702393688905667,-1.78,False,False,False,0.8159196519421035,3.2508660563677756,LAM RESEARCH CORP,3559,"Special Industry Machinery, NEC",SEC SIC,100.0,Complete,84,84,Low Risk,LRCX is Low Risk because neither the M-Score nor Sloan accrual thresholds were exceeded.
LULU,2020,2020-02-02,8-variable,0.9287221574099754,0.9885574452349898,5.775477864934823,1.2101307689430374,0.9142012299596453,0.9929621445315217,1.3220284439250107,-0.007228723264847377,-0.5826704255016516,-0.008840742704383939,2.4145991428939517,0.730821893783288,-1.78,True,False,True,0.36008186293503797,0.4366515489560838,lululemon athletica inc.,2300,Apparel & Other Finishd Prods of  Fabrics & Similar Matl,SEC SIC,100.0,Complete,96,96,High Risk,LULU was flagged because its M-Score of -0.583 exceeded the -1.780 Beneish threshold; its M-Score z-score of 2.41 was above the 2.0 cross-company threshold.
LULU,2021,2021-01-31,8-variable,1.4025375796711603,0.9981771055540163,1.2861331390208,1.106195417480881,0.9752104575640286,1.0901562872413642,0.9595326163172317,-0.05123344917764081,-2.1451499674362298,-0.05743548341949294,1.038483858649583,0.08613091432365429,-1.78,False,False,False,0.21750645717724848,0.015455814783514432,lululemon athletica inc.,2300,Apparel & Other Finishd Prods of  Fabrics & Similar Matl,SEC SIC,100.0,Complete,96,96,Medium Risk,LULU is Medium Risk because its M-Score of -2.145 was close to the high-risk threshold; its M-Score z-score of 1.04 was elevated.
LULU,2022,2022-01-30,8-variable,0.8681949703707407,0.9705234975706853,0.901363019682983,1.4213514274245158,1.0233856916511521,0.972922680899998,1.1465201353068744,-0.08372035242240836,-2.7131210471317164,-0.09066606425084629,-0.5467415820174403,-0.633181029972421,-1.78,False,False,False,-0.01709345647141991,-0.04216393013772857,lululemon athletica inc.,2300,Apparel & Other Finishd Prods of  Fabrics & Similar Matl,SEC SIC,100.0,Complete,96,96,Low Risk,LULU is Low Risk because neither the M-Score nor Sloan accrual thresholds were exceeded.
LULU,2023,2023-01-29,8-variable,1.331493957961599,1.041288174921434,0.7417271520422583,1.296310450200164,1.0415259459794017,0.9560079415552414,0.9838589517695889,-0.019914792801475574,-2.068819786219823,-0.021169312412057578,1.8568371693843972,0.6442472020430192,-1.78,False,False,False,0.21589185791817012,0.550554868169661,lululemon athletica inc.,2300,Apparel & Other Finishd Prods of  Fabrics & Similar Matl,SEC SIC,100.0,Complete,96,96,Medium Risk,LULU is Medium Risk because its M-Score of -2.069 was close to the high-risk threshold; its M-Score z-score of 1.86 was elevated.
LULU,2024,2024-01-28,8-variable,0.7915315370296983,0.9498383591372835,0.997061477926647,1.1860251096169196,0.9483137345733096,1.0387770811010286,0.9197907854324586,-0.10518615425593641,-3.0120802785209206,-0.11748566557988638,-0.7452239139968806,-0.5570487256523624,-1.78,False,False,False,-0.4696985531298441,-0.1435265266338217,lululemon athletica inc.,2300,Apparel & Other Finishd Prods of  Fabrics & Similar Matl,SEC SIC,100.0,Complete,96,96,Low Risk,LULU is Low Risk because neither the M-Score nor Sloan accrual thresholds were exceeded.
LULU,2025,2025-02-02,8-variable,0.8750312919187488,0.9846223972082947,1.156785547300393,1.1007194095024595,0.9828951511054239,1.0061494648248637,1.0695289286456984,-0.060249823365984105,-2.757577160092555,-0.062346340476534125,-0.3273988038944318,-0.02236528539825944,-1.78,False,False,False,-0.533244818606085,-0.5676484873169332,lululemon athletica inc.,2300,Apparel & Other Finishd Prods of  Fabrics & Similar Matl,SEC SIC,100.0,Complete,96,96,Low Risk,LULU is Low Risk because neither the M-Score nor Sloan accrual thresholds were exceeded.
LULU,2026,2026-02-01,8-variable,1.5130046381222473,1.046366929381184,1.054239938798427,1.0485897126649228,1.0221801014526501,1.0307625302094865,0.9582080134756483,-0.0027544883414335757,-1.9202617501276737,-0.0029008654090728943,0.7665585055566261,0.5612062393522008,-1.78,False,False,False,,,lululemon athletica inc.,2300,Apparel & Other Finishd Prods of  Fabrics & Similar Matl,SEC SIC,100.0,Complete,96,96,Medium Risk,LULU is Medium Risk because its M-Score of -1.920 was close to the high-risk threshold.
MCHP,2020,2020-03-31,8-variable,1.0757832860209133,0.8914095127215399,0.9969745273779053,0.9859239181231891,0.8051005253383097,1.0049199734002725,0.9776836610905877,-0.05584726358737756,-2.7586648886301313,-0.054405035764099496,-0.4000649871032517,0.09141358382986663,-1.78,False,False,False,0.5271866866933359,1.3194488525675787,MICROCHIP TECHNOLOGY INC,3674,Semiconductors & Related Devices,SEC SIC,100.0,Complete,96,96,Low Risk,MCHP is Low Risk because neither the M-Score nor Sloan accrual thresholds were exceeded.
MCHP,2021,2021-03-31,8-variable,1.0359493998738765,0.9894149619971574,0.9944845251891645,1.0311326836297448,1.0118420212167467,0.8747759280367711,1.005169059334732,-0.09509794402505037,-2.8507265398854473,-0.09244091561986616,-0.873330330619923,-0.5668751726429996,-1.78,False,False,False,-0.005334122907908689,-0.019917866412225482,MICROCHIP TECHNOLOGY INC,3674,Semiconductors & Related Devices,SEC SIC,100.0,Complete,96,96,Low Risk,MCHP is Low Risk because neither the M-Score nor Sloan accrual thresholds were exceeded.
MCHP,2022,2022-03-31,8-variable,0.8571706362714262,0.9523839090917554,0.9644204071636476,1.2542107972933216,1.060505516194949,0.9391924191361926,0.92515725486306,-0.09612642365505109,-2.8320473553012944,-0.09530483531885074,-0.8289299043111203,-0.7024545829067099,-1.78,False,False,False,-0.18094003959726268,0.13417042884656438,MICROCHIP TECHNOLOGY INC,3674,Semiconductors & Related Devices,SEC SIC,100.0,Complete,96,96,Low Risk,MCHP is Low Risk because neither the M-Score nor Sloan accrual thresholds were exceeded.
MCHP,2023,2023-03-31,8-variable,0.9836456599054672,0.9661398905149459,0.938775591550483,1.2371827764664487,1.1805376477707705,0.8968859963031931,0.8887083193779682,-0.08450058948217198,-2.6465801955948,-0.08494372087025404,-0.02366974803685217,-0.28152455655775904,-1.78,False,False,False,-0.058955510169061975,0.09315566855061164,MICROCHIP TECHNOLOGY INC,3674,Semiconductors & Related Devices,SEC SIC,100.0,Complete,96,96,Low Risk,MCHP is Low Risk because neither the M-Score nor Sloan accrual thresholds were exceeded.
MCHP,2024,2024-03-31,8-variable,0.9685062330098944,1.031853010568007,0.9923972298374225,0.9046891108820079,1.0818814090508384,1.0173617962550852,0.9503691164263116,-0.062104679585716804,-2.848173072057921,-0.061147207964395926,-0.4021826671102822,0.15574023864569558,-1.78,False,False,False,-0.09583438395803212,-0.4469675024301569,MICROCHIP TECHNOLOGY INC,3674,Semiconductors & Related Devices,SEC SIC,100.0,Complete,96,96,Low Risk,MCHP is Low Risk because neither the M-Score nor Sloan accrual thresholds were exceeded.
MCHP,2025,2025-03-31,8-variable,1.0459536568879688,1.1670902868149262,0.9911881328339592,0.5765482552656397,1.0931972807174237,1.459242799304995,0.9316144744535456,-0.05844704902891783,-3.0501616646134893,-0.05751444901721081,-0.6996043114943502,0.039887397750902255,-1.78,False,False,False,0.3461175848593816,0.3745538369108079,MICROCHIP TECHNOLOGY INC,3674,Semiconductors & Related Devices,SEC SIC,100.0,Complete,96,96,Low Risk,MCHP is Low Risk because neither the M-Score nor Sloan accrual thresholds were exceeded.
MCHP,2026,2026-03-31,8-variable,1.211493615903233,0.9711339503286118,1.0399246538727451,1.0707697201017812,1.01066136349495,1.019481799610149,1.0458093849373113,-0.05094606161404583,-2.4768921009977882,-0.04922557632115974,-0.179303565241207,-0.09928836370723229,-1.78,False,False,False,,,MICROCHIP TECHNOLOGY INC,3674,Semiconductors & Related Devices,SEC SIC,100.0,Complete,96,96,Low Risk,MCHP is Low Risk because neither the M-Score nor Sloan accrual thresholds were exceeded.
MDB,2020,2020-01-31,8-variable,0.7440023476151469,1.0309217644244666,0.9265945410335592,1.5793810108757527,0.40544556933797715,0.8508150853253096,1.8027279775425131,-0.10987929099548611,-3.031370297725585,-0.14158967586999882,-0.752811350222957,-1.1320572447628239,-1.78,False,False,False,0.39759622178576337,1.254956848841827,"MongoDB, Inc.",7372,Services-Prepackaged Software,SEC SIC,99.0,Complete,95,96,Medium Risk,MDB is Medium Risk because its Sloan accrual z-score of -1.13 was elevated.
MDB,2021,2021-01-31,8-variable,1.1286306309722745,1.0038371827566959,1.2215255817103872,1.3999336052357014,0.9706867221552669,0.9251272193569232,1.06675645071121,-0.1593405305169823,-2.6712732864817905,-0.16393707452535797,-0.3870878878234256,-1.9005946563156946,-1.78,False,False,False,-0.02892230282593722,0.0960471886770955,"MongoDB, Inc.",7372,Services-Prepackaged Software,SEC SIC,99.0,Complete,95,96,Medium Risk,MDB is Medium Risk because its Sloan accrual z-score of -1.90 was elevated.
MDB,2022,2022-01-31,8-variable,0.9765977634368846,0.9957896779396708,0.7620669727577913,1.4800331989566042,1.0336932818956701,0.8995246938439597,0.7276668611495665,-0.12812195356933492,-2.6609616414924666,-0.16273748840769048,-0.42297775384758063,-1.70946687016296,-1.78,False,False,False,-0.22867859959182335,-0.47123000059361286,"MongoDB, Inc.",7372,Services-Prepackaged Software,SEC SIC,99.0,Complete,95,96,Medium Risk,MDB is Medium Risk because its Sloan accrual z-score of -1.71 was elevated.
MDB,2023,2023-01-31,8-variable,0.9932878111209099,0.9657393672385017,1.0336178302819161,1.4695198573557249,0.8225210558934535,0.8883555646421146,0.9814817159641476,-0.1284054613303833,-2.667832422047469,-0.13195564298049353,-0.09284194849634944,-0.9639661637696504,-1.78,False,False,False,0.9765649625418502,0.8697538698491794,"MongoDB, Inc.",7372,Services-Prepackaged Software,SEC SIC,99.0,Complete,95,96,Low Risk,MDB is Low Risk because neither the M-Score nor Sloan accrual thresholds were exceeded.
MDB,2024,2024-01-31,8-variable,0.8710678683133547,0.973498257899503,1.0201065937229095,1.310715398274197,0.8279656530522993,0.9200959085216974,0.8783934310251281,-0.10387253880449199,-2.779623989032289,-0.10921501831535385,-0.2587163521050655,-0.4524092600497437,-1.78,False,False,False,-0.3699190863561689,-0.3175870997167912,"MongoDB, Inc.",7372,Services-Prepackaged Software,SEC SIC,99.0,Complete,95,96,Low Risk,MDB is Low Risk because neither the M-Score nor Sloan accrual thresholds were exceeded.
MDB,2025,2025-01-31,8-variable,1.0126615783721524,1.0198727634105442,1.1567216863785506,1.1921746203679002,1.3015166325289433,0.9500381859191096,0.3010840309317038,-0.08141082992035957,-2.332231112701039,-0.08865583533798364,0.21369663700801322,-0.3613291593205613,-1.78,False,False,False,-0.12962830010663062,0.35859057742445133,"MongoDB, Inc.",7372,Services-Prepackaged Software,SEC SIC,99.0,Complete,95,96,Low Risk,MDB is Low Risk because neither the M-Score nor Sloan accrual thresholds were exceeded.
MELI,2020,2020-12-31,8-variable,0.8100538946786681,1.1160524165098327,0.7711056116786513,1.7305995608614502,1.0921047233089478,0.9569362972205818,1.3229548978960604,-0.18126567879170108,-2.9700026281916365,-0.2092319762702994,-0.6734318384155649,-2.081288453587549,-1.78,False,True,True,-0.07009821617117973,-0.19509076539476145,MERCADOLIBRE INC,7389,"Services-Business Services, NEC",SEC SIC,100.0,Complete,84,84,High Risk,MELI was flagged because its Sloan accrual z-score of -2.08 was outside the +/-2.0 threshold.
MELI,2021,2021-12-31,8-variable,1.3725876706134985,1.491833919260124,0.9176906359104283,1.4368394564670357,1.0476835312972101,0.9896849242436416,1.2399263213027354,-0.08731808731808732,-2.0008826600878793,-0.10609038178825081,1.4293872644682792,-0.8214980677634192,-1.78,False,False,False,-0.5276846754775648,-0.37241176586146796,MERCADOLIBRE INC,7389,"Services-Business Services, NEC",SEC SIC,100.0,Complete,84,84,Medium Risk,MELI is Medium Risk because its M-Score of -2.001 was close to the high-risk threshold; its M-Score z-score of 1.43 was elevated.
MELI,2022,2022-12-31,8-variable,1.0167100397205862,1.1496698005302692,1.1763242047276796,1.3047285464098073,0.6989713646170046,1.0895027783791584,1.0470430103342965,-0.1789458357600466,-2.94523166752038,-0.2062340059571255,-1.0974936196626923,-2.359026476952144,-1.78,False,True,True,0.3998392763946905,0.8570855279803613,MERCADOLIBRE INC,7389,"Services-Business Services, NEC",SEC SIC,100.0,Complete,84,84,High Risk,MELI was flagged because its Sloan accrual z-score of -2.36 was outside the +/-2.0 threshold.
MELI,2023,2023-12-31,8-variable,0.8524840278439975,0.8853508688676475,0.9158646275964715,1.4076510067114094,0.977331634550187,0.8232510909335627,0.922674411863601,-0.2358051328639564,-3.396868227103004,-0.26496108204670155,-2.4657232539804133,-2.894719928557675,-1.78,False,True,True,0.04572583807309827,0.08202139248112639,MERCADOLIBRE INC,7389,"Services-Business Services, NEC",SEC SIC,100.0,Complete,84,84,High Risk,MELI was flagged because its Sloan accrual z-score of -2.89 was outside the +/-2.0 threshold.
MELI,2024,2024-12-31,8-variable,1.1324708686306098,1.08887888797042,1.2217532905484374,1.4434061218651664,0.9560279126368817,0.8709815883511965,0.9899910176988146,-0.23841085886648675,-2.9212092525931284,-0.28064847692020184,-0.5550400245095618,-2.6213695507089154,-1.78,False,True,True,0.5370315758703299,0.1845522800998478,MERCADOLIBRE INC,7389,"Services-Business Services, NEC",SEC SIC,100.0,Complete,84,84,High Risk,MELI was flagged because its Sloan accrual z-score of -2.62 was outside the +/-2.0 threshold.
MELI,2025,2025-12-31,8-variable,1.0771639740233443,1.2299892762382643,1.0915259631311482,1.3433969743013807,1.1788201862696246,0.8332745311463924,1.0008630053164231,-0.23716220967023696,-3.005011295584586,-0.29821846956367976,-0.6421671753403259,-3.0612731415438175,-1.78,False,True,True,-0.15731335258652024,,MERCADOLIBRE INC,7389,"Services-Business Services, NEC",SEC SIC,100.0,Complete,84,84,High Risk,MELI was flagged because its Sloan accrual z-score of -3.06 was outside the +/-2.0 threshold.
MNST,2020,2020-12-31,5-variable,1.1259723325434228,1.0121943195978482,0.8996700736873617,1.0947003429569329,1.1013274510476723,,,0.007324372097642387,-2.785030179902285,0.00800329919630535,-0.43416867664755626,0.9671960289067967,-2.22,False,False,False,-0.012218910486531454,0.03849478189196942,Monster Beverage Corp,2086,Bottled & Canned Soft Drinks & Carbonated Waters,SEC SIC,84.5,Partial,71,84,Low Risk,MNST is Low Risk because neither the M-Score nor Sloan accrual thresholds were exceeded.
MNST,2021,2021-12-31,5-variable,1.1172703113599454,1.055897587729386,0.8126158222857877,1.204998523475864,1.1132803322909055,,,0.028410011090633642,-2.7238571997651486,0.031659325361413526,-0.529568060022846,1.748143030558623,-2.22,False,False,False,-0.03477721715374493,0.05716365901118947,Monster Beverage Corp,2086,Bottled & Canned Soft Drinks & Carbonated Waters,SEC SIC,84.5,Partial,71,84,Medium Risk,MNST is Medium Risk because its Sloan accrual z-score of 1.75 was elevated.
MNST,2022,2022-12-31,5-variable,0.9951023746088283,1.1152033697188886,1.00892715206982,1.1389007592370959,1.301103585859602,,,0.03664791414072292,-2.681552763494243,0.037759609350020984,-0.47183636437083326,1.2846766456680734,-2.22,False,False,False,0.13148821663182475,0.1348370196592359,Monster Beverage Corp,2086,Bottled & Canned Soft Drinks & Carbonated Waters,SEC SIC,84.5,Partial,71,84,Medium Risk,MNST is Medium Risk because its M-Score of -2.682 was close to the high-risk threshold; its Sloan accrual z-score of 1.28 was elevated.
MNST,2023,2023-12-31,5-variable,1.0385144087356268,0.9465898079341228,0.911708658037145,1.1313532613431996,1.4754922146624552,,,-0.008957291378680603,-2.84299108605428,-0.009651479421680995,-0.6629521082897566,0.8114441194359953,-2.22,False,False,False,-0.1329630231948954,-0.08765837846828883,Monster Beverage Corp,2086,Bottled & Canned Soft Drinks & Carbonated Waters,SEC SIC,84.5,Partial,71,84,Low Risk,MNST is Low Risk because neither the M-Score nor Sloan accrual thresholds were exceeded.
MNST,2024,2024-12-31,5-variable,0.9750236122951168,0.9833887314066259,1.1859392864672635,1.049395051307229,1.006316378850396,,,-0.054343848088809446,-2.808251275227353,-0.04820112318952779,-0.31863037396688765,0.31953290796889505,-2.22,False,False,False,0.19178077916641167,0.45871377788635437,Monster Beverage Corp,2086,Bottled & Canned Soft Drinks & Carbonated Waters,SEC SIC,84.5,Partial,71,84,Low Risk,MNST is Low Risk because neither the M-Score nor Sloan accrual thresholds were exceeded.
MNST,2025,2025-12-31,5-variable,1.1964907356920098,0.9675891338166442,0.9042758870814327,1.106988540459799,0.745561344719138,,,-0.019295831541769427,-2.793930920853684,-0.02176921503539015,-0.37364551131804324,0.5004185880509766,-2.22,False,False,False,0.2536846881720003,,Monster Beverage Corp,2086,Bottled & Canned Soft Drinks & Carbonated Waters,SEC SIC,84.5,Partial,71,84,Low Risk,MNST is Low Risk because neither the M-Score nor Sloan accrual thresholds were exceeded.
MRVL,2022,2022-01-29,5-variable,1.299963701699655,1.083706392708112,1.057116640307147,1.5030482670349288,1.1538070457963452,,,-0.056100341043756725,-2.1852787526412447,-0.07545890121180802,0.7057225178983036,-0.40608333570781396,-2.22,True,False,True,-0.15852385075290454,-0.3293323895213469,"Marvell Technology, Inc.",3674,Semiconductors & Related Devices,SEC SIC,90.5,Complete,76,84,High Risk,MRVL was flagged because its M-Score of -2.185 exceeded the -2.220 Beneish threshold.
MRVL,2023,2023-01-28,8-variable,0.8570682352371676,0.9165744024267481,0.9565872200809582,1.3265507350304768,1.0937649675319168,0.6656913729498147,1.0520033412788719,-0.06448332970726531,-2.6322399837202735,-0.06508076279332388,0.023005079780627512,0.006813133660829188,-1.78,False,False,False,0.4705452372059318,0.5448260149065034,"Marvell Technology, Inc.",3674,Semiconductors & Related Devices,SEC SIC,90.5,Complete,76,84,Low Risk,MRVL is Low Risk because neither the M-Score nor Sloan accrual thresholds were exceeded.
MRVL,2024,2024-02-03,8-variable,1.011139247895057,1.2119038051112676,0.9896643775468598,0.9304175957834989,1.098599841092255,1.0625553553874956,0.9898752078106623,-0.10852862896577714,-2.9280249661559834,-0.10531969847270665,-0.5693046253741461,-0.40312603303632344,-1.78,False,False,False,-0.12114401257878382,0.6866872224511129,"Marvell Technology, Inc.",3674,Semiconductors & Related Devices,SEC SIC,90.5,Complete,76,84,Low Risk,MRVL is Low Risk because neither the M-Score nor Sloan accrual thresholds were exceeded.
MRVL,2025,2025-02-01,8-variable,0.8756323559460981,1.0081884689786242,0.9833251214501829,1.0471340123826642,0.8959038610776827,0.9139941298915855,1.0664792180346907,-0.12701130936177585,-3.1679904999161788,-0.12387227572225037,-0.8494979004441603,-0.815047526825059,-1.78,False,False,False,-0.339043058745399,-0.29839062200068367,"Marvell Technology, Inc.",3674,Semiconductors & Related Devices,SEC SIC,90.5,Complete,76,84,Low Risk,MRVL is Low Risk because neither the M-Score nor Sloan accrual thresholds were exceeded.
MRVL,2026,2026-01-31,8-variable,1.4964150220715782,0.8096259737142537,0.8285063748524198,1.4208728521145078,0.9545030822432716,0.6763711000398885,1.0937312523737968,0.041264869667448946,-1.6048202751476253,0.04328568268149062,1.3025769355142345,1.2197309262229976,-1.78,True,False,True,,,"Marvell Technology, Inc.",3674,Semiconductors & Related Devices,SEC SIC,90.5,Complete,76,84,High Risk,MRVL was flagged because its M-Score of -1.605 exceeded the -1.780 Beneish threshold.
NVDA,2020,2020-01-26,8-variable,1.248673204336309,0.9873772112170864,1.1252448932614465,0.9318880163878457,0.7677045103632052,1.1835395644515607,0.8736537012882035,-0.11348541726826451,-2.816008251105744,-0.1284019995425883,-0.4742390294496106,-0.9469932556942102,-1.78,False,False,False,0.6297112254433876,1.149060337611132,NVIDIA CORP,3674,Semiconductors & Related Devices,SEC SIC,100.0,Complete,96,96,Low Risk,NVDA is Low Risk because neither the M-Score nor Sloan accrual thresholds were exceeded.
NVDA,2021,2021-01-31,8-variable,0.95980333309507,0.9942986089383935,3.2634832653955415,1.5272943762593882,0.548268251499076,1.1621409789158486,1.5754374584956992,-0.05175228369976729,-1.6453518290003273,-0.06463367023814688,2.3927254961169537,-0.04814709660900437,-1.78,True,False,True,0.5019695204029664,0.8866717681484872,NVIDIA CORP,3674,Semiconductors & Related Devices,SEC SIC,100.0,Complete,96,96,High Risk,NVDA was flagged because its M-Score of -1.645 exceeded the -1.780 Beneish threshold; its M-Score z-score of 2.39 was above the 2.0 cross-company threshold.
NVDA,2022,2022-01-30,8-variable,1.186077405020269,0.9601995362833604,0.7742299380239663,1.6140329835082459,1.1383318581586777,0.6917422734038697,1.0068427135748186,0.014574422341412633,-1.7384324685134143,0.0176491545397243,1.7659992992257623,0.9843551520201839,-1.78,True,False,True,-0.20446881753146595,-0.1602488492110431,NVIDIA CORP,3674,Semiconductors & Related Devices,SEC SIC,100.0,Complete,96,96,High Risk,NVDA was flagged because its M-Score of -1.738 exceeded the -1.780 Beneish threshold.
NVDA,2023,2023-01-29,8-variable,0.821180077031566,1.1405286155203276,1.21984096884596,1.002229323028907,1.0295295488871643,1.1239947143793816,1.142131408794728,-0.030911563304356272,-2.688554280708862,-0.0298234722205953,-0.16028789654379277,0.518620372428225,-1.78,False,False,False,1.296232536768588,2.0686330397040207,NVIDIA CORP,3674,Semiconductors & Related Devices,SEC SIC,100.0,Complete,96,96,Low Risk,NVDA is Low Risk because neither the M-Score nor Sloan accrual thresholds were exceeded.
NVDA,2024,2024-01-28,8-variable,1.1568293724427834,0.7828767093700307,0.7652939636764429,2.2585452658115224,1.037457982766304,0.481595358967473,0.7353298178672941,0.02540774099318403,-1.1236537004358793,0.03124123094191376,3.2070623946976733,1.3246302379174586,-1.78,True,False,True,0.8527400854223695,1.1141152287802205,NVIDIA CORP,3674,Semiconductors & Related Devices,SEC SIC,100.0,Complete,96,96,High Risk,NVDA was flagged because its M-Score of -1.124 exceeded the -1.780 Beneish threshold; its M-Score z-score of 3.21 was above the 2.0 cross-company threshold.
NVDA,2025,2025-01-26,8-variable,1.0768879442792283,0.9697137854526101,0.8493309187325282,2.1420340763599355,1.2156082436362428,0.6140766089440949,0.8178734887164838,0.0787716955941255,-0.948128221108721,0.09914903935622486,1.9744553626936163,2.0582941821035656,-1.78,True,True,True,0.21671574443956088,0.3078179274271853,NVIDIA CORP,3674,Semiconductors & Related Devices,SEC SIC,100.0,Complete,96,96,High Risk,NVDA was flagged because its M-Score of -0.948 exceeded the -1.780 Beneish threshold; its Sloan accrual z-score of 2.06 was outside the +/-2.0 threshold.
NVDA,2026,2026-01-25,8-variable,1.0078479608392223,1.055166995650228,1.5169590714111023,1.6547353579009478,1.0643877077380586,0.7926696823729169,0.8067658622145029,0.08389143290958062,-1.1519953195653434,0.10897476162359769,2.0720462063264846,2.156321382309068,-1.78,True,True,True,,,NVIDIA CORP,3674,Semiconductors & Related Devices,SEC SIC,100.0,Complete,96,96,High Risk,NVDA was flagged because its M-Score of -1.152 exceeded the -1.780 Beneish threshold; its M-Score z-score of 2.07 was above the 2.0 cross-company threshold; its Sloan accrual z-score of 2.16 was outside the +/-2.0 threshold.
NXPI,2020,2020-12-31,8-variable,1.182218632903706,1.0578846491716318,0.9336222606400256,0.9701475723780556,0.9785950407674076,0.9805711299847389,1.0607459325838091,-0.12243664029828186,-2.9271054996858625,-0.12191756766926724,-0.617944101231027,-0.8559965706431683,-1.78,False,False,False,0.30127321971819243,0.4482761024300008,NXP Semiconductors N.V.,3674,Semiconductors & Related Devices,SEC SIC,100.0,Complete,84,84,Low Risk,NXPI is Low Risk because neither the M-Score nor Sloan accrual thresholds were exceeded.
NXPI,2021,2021-12-31,8-variable,0.9392287428093054,0.8967023562784087,0.9341548474726328,1.2846028797027405,1.4369980768888335,0.8466426178252858,1.289267906961321,-0.05780291411042945,-2.6516045775494352,-0.05924688659084768,-0.33379400266655257,0.05234023606336032,-1.78,False,False,False,-0.3437377488728963,-0.29214438770033513,NXP Semiconductors N.V.,3674,Semiconductors & Related Devices,SEC SIC,100.0,Complete,84,84,Low Risk,NXPI is Low Risk because neither the M-Score nor Sloan accrual thresholds were exceeded.
NXPI,2022,2022-12-31,8-variable,0.8713728794577386,0.9633740369579713,0.9113847447067284,1.193618367531411,1.1282545547857328,0.934186999662547,0.9950965659774642,-0.047684627302461695,-2.676212277049983,-0.050249433106575966,-0.4591644591117466,-0.029615215675255078,-1.78,False,False,False,0.30976267150146986,0.4839220092303973,NXP Semiconductors N.V.,3674,Semiconductors & Related Devices,SEC SIC,100.0,Complete,84,84,Low Risk,NXPI is Low Risk because neither the M-Score nor Sloan accrual thresholds were exceeded.
NXPI,2023,2023-12-31,8-variable,0.926269678366978,1.0005848059049884,0.9519638197135999,1.0053767512305944,1.1494032134500678,1.0814274598409181,0.9387564381057809,-0.029400895166919887,-2.676497970415051,-0.03009098741305764,-0.12104676035965187,0.5147370277423918,-1.78,False,False,False,0.1808654353818453,-0.07968192599447588,NXP Semiconductors N.V.,3674,Semiconductors & Related Devices,SEC SIC,100.0,Complete,84,84,Low Risk,NXPI is Low Risk because neither the M-Score nor Sloan accrual thresholds were exceeded.
NXPI,2024,2024-12-31,8-variable,1.214944937073221,1.0080592861990927,1.0477649587415359,0.9501355830069298,1.1316939337169636,1.0570218417352129,0.9403854949351701,-0.011154398195612057,-2.3305378118078286,-0.011161721859739833,0.6811757095010917,0.7881519939273389,-1.78,False,False,False,0.06128779210045887,0.0639324687523597,NXP Semiconductors N.V.,3674,Semiconductors & Related Devices,SEC SIC,100.0,Complete,84,84,Low Risk,NXPI is Low Risk because neither the M-Score nor Sloan accrual thresholds were exceeded.
NXPI,2025,2025-12-31,8-variable,1.0510331705104123,1.0310141963895585,1.0397447178491712,0.972649437133344,1.0102017235209924,1.0634502233578944,1.013729329113958,-0.030082831325301203,-2.580001122106718,-0.0313671606634606,-0.10149900969883059,0.37676145024125685,-1.78,False,False,False,0.3058449266510861,,NXP Semiconductors N.V.,3674,Semiconductors & Related Devices,SEC SIC,100.0,Complete,84,84,Low Risk,NXPI is Low Risk because neither the M-Score nor Sloan accrual thresholds were exceeded.
ON,2020,2020-12-31,8-variable,1.0068358807215012,1.095446993574881,1.0264988578602305,0.9523550626144004,0.9347162424935488,0.9564872689993433,0.9594563175273607,-0.075,-2.7927993809136793,-0.07606400093602832,-0.44421819275435276,-0.2125288541176053,-1.78,False,False,False,0.16956918162796075,1.0751603763788067,ON SEMICONDUCTOR CORP,3674,Semiconductors & Related Devices,SEC SIC,100.0,Complete,84,84,Low Risk,ON is Low Risk because neither the M-Score nor Sloan accrual thresholds were exceeded.
ON,2021,2021-12-31,8-variable,0.933559956741996,0.8107428097015724,1.0060831149047604,1.2825499524262607,1.0421190562671518,0.9186376589134169,0.8661041864349969,-0.08024101392063163,-2.69938625925045,-0.08444298677161911,-0.46326215769055457,-0.417678436801074,-1.78,False,False,False,-0.25927557818613167,-0.08171377188873574,ON SEMICONDUCTOR CORP,3674,Semiconductors & Related Devices,SEC SIC,100.0,Complete,84,84,Low Risk,ON is Low Risk because neither the M-Score nor Sloan accrual thresholds were exceeded.
ON,2022,2022-12-31,8-variable,0.8423717062071998,0.8224237824690148,0.6773327074717796,1.2353779043888542,1.386793871073423,0.9114492399194497,0.9207588809189098,-0.061017656634804025,-2.839056512159712,-0.06766182971140272,-0.8455612304240092,-0.28964498654217585,-1.78,False,False,False,0.5164342384284304,0.3392656759625934,ON SEMICONDUCTOR CORP,3674,Semiconductors & Related Devices,SEC SIC,100.0,Complete,84,84,Low Risk,ON is Low Risk because neither the M-Score nor Sloan accrual thresholds were exceeded.
ON,2023,2023-12-31,8-variable,1.1203805439512289,1.040647661141854,0.939780677968897,0.9912084744541327,1.1334465589851297,1.065309753859372,0.8388154696081227,0.015603244748471457,-2.25013058113373,0.016369171657993863,1.2667029225473823,1.189169048484268,-1.78,False,False,False,-0.17933671670604512,-0.2451813700650065,ON SEMICONDUCTOR CORP,3674,Semiconductors & Related Devices,SEC SIC,100.0,Complete,84,84,Medium Risk,ON is Medium Risk because its M-Score of -2.250 was close to the high-risk threshold; its M-Score z-score of 1.27 was elevated; its Sloan accrual z-score of 1.19 was elevated.
ON,2024,2024-12-31,8-variable,1.445225404817838,1.036230186204991,0.9621717483447365,0.8581485520416818,0.9467803124307114,1.209994943087763,0.9288971333640569,-0.023676702295277435,-2.3228492414301134,-0.024435085149240067,0.6972671116185586,0.6202186270530322,-1.78,False,False,False,-0.1687549487454123,-0.14115777666735096,ON SEMICONDUCTOR CORP,3674,Semiconductors & Related Devices,SEC SIC,100.0,Complete,84,84,Low Risk,ON is Low Risk because neither the M-Score nor Sloan accrual thresholds were exceeded.
ON,2025,2025-12-31,8-variable,0.9245844335037231,1.3723143701357015,1.259424097508395,0.8465329059768719,0.759393423113848,1.095274323655222,1.0258698271201279,-0.1308517178879121,-3.0496572076965913,-0.12315369036480937,-0.6989625767479264,-0.8057894822375536,-1.78,False,False,False,0.7458910111082009,,ON SEMICONDUCTOR CORP,3674,Semiconductors & Related Devices,SEC SIC,100.0,Complete,84,84,Low Risk,ON is Low Risk because neither the M-Score nor Sloan accrual thresholds were exceeded.
ORLY,2020,2020-12-31,8-variable,0.934746375862295,1.0134851175873512,0.9451424797836472,1.143301492563782,0.8997853231436727,0.9230993033137612,1.0375455952657613,-0.09350129114962763,-2.8753184178705355,-0.09718657537608337,-0.550957146965866,-0.5089440669440248,-1.78,False,False,False,0.25109928470949283,0.560487905655592,O REILLY AUTOMOTIVE INC,5531,Retail-Auto & Home Supply Stores,SEC SIC,100.0,Complete,84,84,Low Risk,ORLY is Low Risk because neither the M-Score nor Sloan accrual thresholds were exceeded.
ORLY,2021,2021-12-31,8-variable,1.0332833835708806,0.9956359853591066,0.9892517925006281,1.1484830056771975,0.9873540161743882,0.9743592895902897,1.0228972029845997,-0.08897099313089746,-2.7444056697957757,-0.0894367911884999,-0.5852457257876904,-0.5108349692694646,-1.78,False,False,False,-0.10544726640104274,0.19512052245844047,O REILLY AUTOMOTIVE INC,5531,Retail-Auto & Home Supply Stores,SEC SIC,100.0,Complete,84,84,Low Risk,ORLY is Low Risk because neither the M-Score nor Sloan accrual thresholds were exceeded.
ORLY,2022,2022-12-31,8-variable,1.1644370266103596,1.028220433541971,0.9758494000167821,1.0812074195409918,0.9654839042175606,0.9980292285422411,1.0938475855543581,-0.0772570179282053,-2.646941496457557,-0.08014232409289708,-0.3897107562706113,-0.47602370097062313,-1.78,False,False,False,0.13183186487394005,0.12564725802724008,O REILLY AUTOMOTIVE INC,5531,Retail-Auto & Home Supply Stores,SEC SIC,100.0,Complete,84,84,Low Risk,ORLY is Low Risk because neither the M-Score nor Sloan accrual thresholds were exceeded.
ORLY,2023,2023-12-31,8-variable,0.9960101630021988,0.9994203579557663,0.9454568769543138,1.0973215562122047,0.9965230781306845,1.012422307933434,1.0532172447863983,-0.0495569269649416,-2.671016677900138,-0.05188511184532312,-0.10320613243941475,0.1983658470351958,-1.78,False,False,False,0.11154845273253455,0.24810531917533352,O REILLY AUTOMOTIVE INC,5531,Retail-Auto & Home Supply Stores,SEC SIC,100.0,Complete,84,84,Low Risk,ORLY is Low Risk because neither the M-Score nor Sloan accrual thresholds were exceeded.
ORLY,2024,2024-12-31,8-variable,0.9004115490320078,1.0011326745303284,0.9800532351508161,1.0566794099511454,0.9866069256957254,1.0204208898483562,0.9717997265868633,-0.04450836092825839,-2.7326095100373213,-0.046087675709889364,-0.16031979075681158,0.3462720503570532,-1.78,False,False,False,0.14011639813551424,0.15377808497812806,O REILLY AUTOMOTIVE INC,5531,Retail-Auto & Home Supply Stores,SEC SIC,100.0,Complete,84,84,Low Risk,ORLY is Low Risk because neither the M-Score nor Sloan accrual thresholds were exceeded.
ORLY,2025,2025-12-31,8-variable,1.026403746695241,0.992366636742153,0.9235064509290158,1.0642495944723633,1.007973366051218,1.0123067365946143,0.9650363016491521,-0.013531296201600011,-2.4864113515607937,-0.014239249345746248,0.017559339304450933,0.59743247425841,-1.78,False,False,False,0.009648034889277568,,O REILLY AUTOMOTIVE INC,5531,Retail-Auto & Home Supply Stores,SEC SIC,100.0,Complete,84,84,Low Risk,ORLY is Low Risk because neither the M-Score nor Sloan accrual thresholds were exceeded.
PANW,2020,2020-07-31,8-variable,1.5149098953651676,1.0204442060719092,0.9915647317164697,1.1754724789626156,0.9194442772452214,0.9735532283562411,1.2057705432942556,-0.14370022282524764,-2.5867501262605983,-0.16639842632331903,-0.17769203383625298,-1.4802009365484958,-1.78,False,False,False,0.3705455038159644,0.559276346297372,Palo Alto Networks Inc,3577,"Computer Peripheral Equipment, NEC",SEC SIC,100.0,Complete,84,84,Medium Risk,PANW is Medium Risk because its Sloan accrual z-score of -1.48 was elevated.
PANW,2021,2021-07-31,8-variable,0.9578110795803094,1.0089947949921687,1.3015209967066361,1.248709071705199,0.8266068746912975,1.0454054024210722,1.278538005089398,-0.19546750507733165,-3.2038259029477256,-0.2073755632672088,-1.8300803119595808,-2.7109145345190164,-1.78,False,True,True,0.29657936214780123,0.25072051465004397,Palo Alto Networks Inc,3577,"Computer Peripheral Equipment, NEC",SEC SIC,100.0,Complete,84,84,High Risk,PANW was flagged because its Sloan accrual z-score of -2.71 was outside the +/-2.0 threshold.
PANW,2022,2022-07-31,8-variable,1.33625634127575,1.0187016885742906,0.8682792722610425,1.2926153050915157,1.0195103127196323,0.801120626012761,1.200512447081883,-0.18375824247568062,-2.8418934447749136,-0.20019381912585796,-0.8522927036149737,-2.2688247411788782,-1.78,False,True,True,-0.04644361380705464,0.5024644579669131,Palo Alto Networks Inc,3577,"Computer Peripheral Equipment, NEC",SEC SIC,100.0,Complete,84,84,High Risk,PANW was flagged because its Sloan accrual z-score of -2.27 was outside the +/-2.0 threshold.
PANW,2023,2023-07-31,8-variable,0.9176363019750032,0.9511100099695504,1.2485927897137048,1.2528764882304826,0.9956316060435296,0.882315303343831,0.6860594830171456,-0.16121535607643558,-2.8875199018815287,-0.1747580798887672,-0.80788544887345,-1.5853014022602652,-1.78,False,False,False,0.3542566837627039,0.2991278695157471,Palo Alto Networks Inc,3577,"Computer Peripheral Equipment, NEC",SEC SIC,100.0,Complete,84,84,Medium Risk,PANW is Medium Risk because its Sloan accrual z-score of -1.59 was elevated.
PANW,2024,2024-07-31,8-variable,0.9128061341994962,0.9723691681586348,1.1447032178442464,1.16463795029524,1.008163840744538,1.3051189556894378,1.105054672216284,-0.03401547704205413,-2.6145431976637314,-0.03942943291197959,0.08678108958844478,0.43051152351334715,-1.78,False,False,False,0.13583587552497467,0.06919594882053937,Palo Alto Networks Inc,3577,"Computer Peripheral Equipment, NEC",SEC SIC,100.0,Complete,84,84,Low Risk,PANW is Low Risk because neither the M-Score nor Sloan accrual thresholds were exceeded.
PANW,2025,2025-07-31,8-variable,0.9856762171100524,1.0127206084231026,1.0394059104041327,1.1487387106820306,0.9354699888326,0.5663177007474984,0.9011671681134108,-0.10952146656373801,-2.7508266831173485,-0.11853439866321146,-0.31881132003840074,-0.7462758724857735,-1.78,False,False,False,0.019412413587001964,,Palo Alto Networks Inc,3577,"Computer Peripheral Equipment, NEC",SEC SIC,100.0,Complete,84,84,Low Risk,PANW is Low Risk because neither the M-Score nor Sloan accrual thresholds were exceeded.
PAYX,2022,2022-05-31,8-variable,1.0986537251865163,0.9712711311442715,0.9542015315345294,1.1392120075046905,1.010068827366036,0.9377596399996777,1.0129890543727715,-0.020435486549319162,-2.3867346914271073,-0.020877512935787598,0.22770790315872785,0.4090132997017974,-1.78,False,False,False,0.014643934110655454,-0.12858271037745284,PAYCHEX INC,8700,"Services-Engineering, Accounting, Research, Management",SEC SIC,96.9,Complete,93,96,Low Risk,PAYX is Low Risk because neither the M-Score nor Sloan accrual thresholds were exceeded.
PAYX,2023,2023-05-31,8-variable,1.1196835531359306,0.9975329425580468,0.9031638304852946,1.0775801493192798,1.0490804691857456,0.9972417229249705,0.9944212975786492,-0.014118561784115908,-2.3992318940182686,-0.014756015380346455,0.7814047855925025,0.7373448789170928,-1.78,False,False,False,0.17990160428837698,0.18040754993233188,PAYCHEX INC,8700,"Services-Engineering, Accounting, Research, Management",SEC SIC,96.9,Complete,93,96,Low Risk,PAYX is Low Risk because neither the M-Score nor Sloan accrual thresholds were exceeded.
PAYX,2024,2024-05-31,8-variable,1.1602042458350659,0.9889858705898084,1.0536526214659931,1.0457889267010372,1.0272879347012887,1.0215353164299443,0.9394510162661006,-0.019965135653128643,-2.35009148644604,-0.019809359994266466,0.6402518412108892,0.6787428746432705,-1.78,False,False,False,0.23519899421652735,0.3518914746141404,PAYCHEX INC,8700,"Services-Engineering, Accounting, Research, Management",SEC SIC,96.9,Complete,93,96,Low Risk,PAYX is Low Risk because neither the M-Score nor Sloan accrual thresholds were exceeded.
PAYX,2025,2025-05-31,8-variable,1.1911386363493637,0.9950812605515003,1.6446261192514808,1.054169914263445,1.0326922717988378,1.0646143786581947,1.1807468462751889,-0.014706503824536196,-2.133271045286137,-0.01807980049875312,0.46679969523568837,0.5479519310676142,-1.78,False,False,False,-0.28044516007010045,-0.36059670906094754,PAYCHEX INC,8700,"Services-Engineering, Accounting, Research, Management",SEC SIC,96.9,Complete,93,96,Medium Risk,PAYX is Medium Risk because its M-Score of -2.133 was close to the high-risk threshold.
PAYX,2026,2026-05-31,8-variable,0.9728640223403427,0.974144152199373,1.0005806907412125,1.164713493530499,0.6771838392853226,1.095589074823171,1.0144737114447993,-0.04925036322606572,-2.6601984843259445,-0.048664267867288155,-0.4907895541999528,-0.09128526563852782,-1.78,False,False,False,,,PAYCHEX INC,8700,"Services-Engineering, Accounting, Research, Management",SEC SIC,96.9,Complete,93,96,Low Risk,PAYX is Low Risk because neither the M-Score nor Sloan accrual thresholds were exceeded.
PEP,2020,2020-12-26,8-variable,1.0253815341673385,1.0058165770159697,0.9865953907176283,1.0478104852518575,1.0501981407678738,1.0155852971590655,1.08616289433088,-0.03759228567123701,-2.617323801232007,-0.04074300877730149,-0.21723929727022973,0.28313418343881575,-1.78,False,False,False,0.02479863395860149,0.2046077182490189,PEPSICO INC,2080,Beverages,SEC SIC,100.0,Complete,84,84,Low Risk,PEP is Low Risk because neither the M-Score nor Sloan accrual thresholds were exceeded.
PEP,2021,2021-12-25,8-variable,0.914552209813316,1.0274850203661126,0.9983769483314979,1.1293412152560678,0.9873956164824014,0.9721114885887309,0.9822493759701804,-0.04327917122227394,-2.6227346933171582,-0.04315281038344262,-0.2555688227597926,0.35256591724859815,-1.78,False,False,False,-0.008211864781782485,0.10222845097031841,PEPSICO INC,2080,Beverages,SEC SIC,100.0,Complete,84,84,Low Risk,PEP is Low Risk because neither the M-Score nor Sloan accrual thresholds were exceeded.
PEP,2022,2022-12-31,8-variable,1.077094341279253,1.005974332308791,0.9640057086125225,1.08704733623575,1.0564577322106483,1.0148103696516027,1.005216314596026,-0.02062112879256294,-2.437060969231451,-0.020599900305585055,0.10829372038057093,0.41315905575477635,-1.78,False,False,False,0.039379341404725654,-0.03290361818865151,PEPSICO INC,2080,Beverages,SEC SIC,100.0,Complete,84,84,Low Risk,PEP is Low Risk because neither the M-Score nor Sloan accrual thresholds were exceeded.
PEP,2023,2023-12-30,8-variable,1.0050662724016737,0.9782119426150626,0.9202776866929693,1.0587901657560885,1.038855012724438,1.0052665606824813,1.0172273449939662,-0.04346484899746256,-2.672053002657548,-0.045338952263314684,-0.10657918438859976,0.29339220345039835,-1.78,False,False,False,-0.013783464384631072,-0.07808201576665919,PEPSICO INC,2080,Beverages,SEC SIC,100.0,Complete,84,84,Low Risk,PEP is Low Risk because neither the M-Score nor Sloan accrual thresholds were exceeded.
PEP,2024,2024-12-28,8-variable,0.9514484417526412,0.9937664987384696,0.9913693067522997,1.0041871194148966,0.9696529255504389,1.0097589858551723,1.003302049535532,-0.029446952255521932,-2.671741130738136,-0.02929556615756994,-0.03292841376160573,0.5587242700799856,-1.78,False,False,False,-0.12584764209413757,-0.022004885059721424,PEPSICO INC,2080,Beverages,SEC SIC,100.0,Complete,84,84,Low Risk,PEP is Low Risk because neither the M-Score nor Sloan accrual thresholds were exceeded.
PEP,2025,2025-12-27,8-variable,1.0889672278832216,1.0074876155143904,1.0055405607780596,1.0225466501186666,0.9799573019039803,0.9826311911947389,1.0113374718970374,-0.035819700369649626,-2.54247189740211,-0.037193158856457804,-0.053756959401663994,0.3017009852888764,-1.78,False,False,False,0.0026015757689465957,,PEPSICO INC,2080,Beverages,SEC SIC,100.0,Complete,84,84,Low Risk,PEP is Low Risk because neither the M-Score nor Sloan accrual thresholds were exceeded.
QCOM,2020,2020-09-27,8-variable,2.6498363535413554,1.06436413262481,0.9437816421554029,0.9694310550817781,1.1453173305809985,0.9746693282713668,0.9890713500039346,-0.017306287576557847,-1.0344800906201848,-0.017972020831205963,1.830180165941758,0.6026817488866262,-1.78,True,False,True,0.17205703240739134,0.18788452825654534,QUALCOMM INC/DE,3663,Radio & Tv Broadcasting & Communications Equipment,SEC SIC,100.0,Complete,84,84,High Risk,QCOM was flagged because its M-Score of -1.034 exceeded the -1.780 Beneish threshold.
QCOM,2021,2021-09-26,8-variable,0.5776313338849427,1.0549173539986216,1.0724738363645283,1.4264587140368026,1.0594319568896162,0.790609927470001,0.9264411008343818,-0.03620271580989331,-2.5323911868323505,-0.038863003357888434,-0.010776117970195597,0.43258978564606737,-1.78,False,False,False,0.18933867180327169,-0.0886599554978662,QUALCOMM INC/DE,3663,Radio & Tv Broadcasting & Communications Equipment,SEC SIC,100.0,Complete,84,84,Low Risk,QCOM is Low Risk because neither the M-Score nor Sloan accrual thresholds were exceeded.
QCOM,2022,2022-09-25,8-variable,1.4320434135713906,0.9943154574925809,1.171544726390793,1.3168086754453912,1.0131989062923679,0.8344113874707643,0.8332249906722872,0.07834496266372873,-1.282513466066669,0.08509318146564142,2.847803824922508,1.9915372916130325,-1.78,True,False,True,0.0423502291519664,-0.06438916785980964,QUALCOMM INC/DE,3663,Radio & Tv Broadcasting & Communications Equipment,SEC SIC,100.0,Complete,84,84,High Risk,QCOM was flagged because its M-Score of -1.283 exceeded the -1.780 Beneish threshold; its M-Score z-score of 2.85 was above the 2.0 cross-company threshold.
QCOM,2023,2023-09-24,8-variable,0.5683547477908505,1.0384472500612927,0.977416875431641,0.8104072398190045,0.9629152617543992,1.192175751216089,0.911502171207039,-0.07968260188087774,-3.4162688866998603,-0.08129610010594279,-2.528868935100881,-0.22857440976182852,-1.78,False,False,False,0.5978017144182595,0.5827770325892954,QUALCOMM INC/DE,3663,Radio & Tv Broadcasting & Communications Equipment,SEC SIC,100.0,Complete,84,84,Medium Risk,QCOM is Medium Risk because its M-Score z-score of -2.53 was elevated.
QCOM,2024,2024-09-29,8-variable,1.1220653333088817,0.9908240840970649,0.9932003426862678,1.087716359575656,0.9860823323042837,1.0215492762106175,0.9124365512464238,-0.037349965551002645,-2.448483094129797,-0.03879691884663917,0.4343281328434217,0.43851403307111664,-1.78,False,False,False,-0.0927721446785229,-0.006520734748406309,QUALCOMM INC/DE,3663,Radio & Tv Broadcasting & Communications Equipment,SEC SIC,100.0,Complete,84,84,Low Risk,QCOM is Low Risk because neither the M-Score nor Sloan accrual thresholds were exceeded.
QCOM,2025,2025-09-28,8-variable,1.07025538803517,1.0141650615514481,0.8578511193989622,1.1365946306657768,1.0517139245382918,0.9917520080036959,1.1083083822179896,-0.16893684063578165,-3.1619781900922623,-0.160897271527204,-0.8418494611205437,-1.292066795955664,-1.78,False,False,False,-0.2400722879431585,,QUALCOMM INC/DE,3663,Radio & Tv Broadcasting & Communications Equipment,SEC SIC,100.0,Complete,84,84,Medium Risk,QCOM is Medium Risk because its Sloan accrual z-score of -1.29 was elevated.
ROST,2020,2020-02-01,8-variable,0.987559274312883,1.0120557432759871,10.898325175825743,1.0704460981553026,1.0081801461567703,0.9932594440623427,0.8435892699287019,-0.054621090507037215,1.3743555740858973,-0.06621917775176309,4.946026026486053,-0.07437545962092378,-1.78,True,False,True,-0.19826964426539118,0.005046466528304094,"ROSS STORES, INC.",5651,Retail-Family Clothing Stores,SEC SIC,100.0,Complete,96,96,High Risk,ROST was flagged because its M-Score of 1.374 exceeded the -1.780 Beneish threshold; its M-Score z-score of 4.95 was above the 2.0 cross-company threshold.
ROST,2021,2021-01-30,8-variable,1.4405253127395525,1.3064178241731939,0.7469501459764026,0.7813147929434575,0.985918603561383,1.3594978248607377,1.564120142519641,-0.16988312584177834,-3.253030865720226,-0.19582417189992637,-1.9634049569154117,-2.4954300110715653,-1.78,False,True,True,0.10764565587139074,-0.13102870814790146,"ROSS STORES, INC.",5651,Retail-Family Clothing Stores,SEC SIC,100.0,Complete,96,96,High Risk,ROST was flagged because its Sloan accrual z-score of -2.50 was outside the +/-2.0 threshold.
ROST,2022,2022-01-29,8-variable,0.6865419437550588,0.780636428243873,0.9193470308968213,1.5094877615046485,1.0705133247096688,0.7607087820311274,0.9690094586027034,-0.0011920597384682517,-2.408502712535237,-0.0012337752578209002,0.17605674665097149,0.7023650262502061,-1.78,False,False,False,-0.14529788388860598,0.26441533879224854,"ROSS STORES, INC.",5651,Retail-Family Clothing Stores,SEC SIC,100.0,Complete,96,96,Low Risk,ROST is Low Risk because neither the M-Score nor Sloan accrual thresholds were exceeded.
ROST,2023,2023-01-28,8-variable,1.2361876063674082,1.083598911001725,1.035861008664916,0.9883478453756465,1.0027553462736674,0.9712397202483101,0.9290760596780241,-0.013217492568644955,-2.2478619378620124,-0.013108167328048903,1.2740869511107815,0.7612656212048451,-1.78,False,False,False,-0.034534198241711556,0.20051196025782958,"ROSS STORES, INC.",5651,Retail-Family Clothing Stores,SEC SIC,100.0,Complete,96,96,Medium Risk,ROST is Medium Risk because its M-Score of -2.248 was close to the high-risk threshold; its M-Score z-score of 1.27 was elevated.
ROST,2024,2024-02-03,8-variable,0.8234911032622985,0.9284955962519411,0.9494346507275071,1.0899190937187113,1.0396330246425223,1.0865531523237413,0.9850279608339149,-0.044752805730361916,-2.8351949452575043,-0.046179592483514914,-0.3750207570519082,0.3451091278233671,-1.78,False,False,False,-0.019000192943998795,0.03372839669634575,"ROSS STORES, INC.",5651,Retail-Family Clothing Stores,SEC SIC,100.0,Complete,96,96,Low Risk,ROST is Low Risk because neither the M-Score nor Sloan accrual thresholds were exceeded.
ROST,2025,2025-02-01,8-variable,1.065551510159434,0.9850832669031484,1.0175169028551294,1.0369181026730165,1.007162191347189,0.968956108398331,0.9264136829036771,-0.017863272015678684,-2.440917192101104,-0.018233451773592462,0.07543382155788089,0.5459723327656734,-1.78,False,False,False,-0.08444404568629715,0.266892291983291,"ROSS STORES, INC.",5651,Retail-Family Clothing Stores,SEC SIC,100.0,Complete,96,96,Low Risk,ROST is Low Risk because neither the M-Score nor Sloan accrual thresholds were exceeded.
ROST,2026,2026-01-31,8-variable,1.165407549689159,1.0024975385640384,1.0245033808221133,1.0767344973801445,0.9513722448646317,1.0172245922254854,0.9071170389784732,-0.05671450999524913,-2.4917091021260207,-0.05791272095692697,-0.2044815659525517,-0.2231490858779534,-1.78,False,False,False,,,"ROSS STORES, INC.",5651,Retail-Family Clothing Stores,SEC SIC,100.0,Complete,96,96,Low Risk,ROST is Low Risk because neither the M-Score nor Sloan accrual thresholds were exceeded.
SIRI,2020,2020-12-31,8-variable,1.0186020087532264,1.010038456970657,0.9798114000951417,1.031562740569669,0.9379181962560859,0.9453529110174319,1.1455151124271885,-0.18261879415465015,-3.3373849641787894,-0.17568196629736524,-1.148643471817853,-1.6104777872704057,-1.78,False,False,False,0.03180185618590414,0.00758393856213635,SIRIUS XM HOLDINGS INC.,4832,Radio Broadcasting Stations,SEC SIC,100.0,Complete,84,84,Medium Risk,SIRI is Medium Risk because its M-Score z-score of -1.15 was elevated; its Sloan accrual z-score of -1.61 was elevated.
SIRI,2021,2021-12-31,8-variable,1.0353782628659074,1.0208615418611946,0.9936534608946355,1.081592039800995,0.8614995269819854,0.929990980399923,1.0281403122366017,-0.06657582246447342,-2.690817164795232,-0.06638520890959383,-0.44004353478218783,-0.08082103725528356,-1.78,False,False,False,0.008773348717147966,-0.03214103034560667,SIRIUS XM HOLDINGS INC.,4832,Radio Broadcasting Stations,SEC SIC,100.0,Complete,84,84,Low Risk,SIRI is Low Risk because neither the M-Score nor Sloan accrual thresholds were exceeded.
SIRI,2022,2022-12-31,8-variable,0.8856657294568832,1.0045749186499302,1.0038210285879698,1.0353035878564858,0.9857092156306567,1.0579802409140748,1.062815708843908,-0.10706445819197764,-3.0828488542468953,-0.10573512022073316,-1.4240316551809376,-0.8582162884700534,-1.78,False,False,False,-0.21551612059426395,-0.042779641022780424,SIRIUS XM HOLDINGS INC.,4832,Radio Broadcasting Stations,SEC SIC,100.0,Complete,84,84,Medium Risk,SIRI is Medium Risk because its M-Score z-score of -1.42 was elevated.
SIRI,2023,2023-12-31,8-variable,1.079164089976653,1.0214410792328408,1.1985282249353646,0.994446295679218,1.0961185148453478,1.0859600530816247,0.4227333882657306,-0.03470188980569604,-2.2979321090533595,-0.05204850541444184,1.1111174887627917,0.19599396847945438,-1.78,False,False,False,-0.4752626945661743,-0.5691135037873292,SIRIUS XM HOLDINGS INC.,4832,Radio Broadcasting Stations,SEC SIC,100.0,Complete,84,84,Medium Risk,SIRI is Medium Risk because its M-Score z-score of 1.11 was elevated.
SIRI,2024,2024-12-31,8-variable,0.9957832143715579,1.0080446829882455,0.9849056200945268,0.9716296213559701,1.1007281061128464,0.8413022746111168,1.0594524883219252,-0.12376003778932451,-3.0706707969203126,-0.11831113118085347,-0.8678479579372351,-0.5674924402246128,-1.78,False,False,False,0.030879926633266663,-0.07950846731275663,SIRIUS XM HOLDINGS INC.,4832,Radio Broadcasting Stations,SEC SIC,100.0,Complete,84,84,Low Risk,SIRI is Low Risk because neither the M-Score nor Sloan accrual thresholds were exceeded.
SIRI,2025,2025-12-31,8-variable,1.1443880367833543,1.0118494575666799,0.9944354019921009,0.9837912403724566,1.10735135295624,1.1228274061287569,0.962937476955191,-0.04012923596578184,-2.542038962059486,-0.03992110741809416,-0.05320620939108816,0.2665548900414177,-1.78,False,False,False,0.51098103774636,,SIRIUS XM HOLDINGS INC.,4832,Radio Broadcasting Stations,SEC SIC,100.0,Complete,84,84,Low Risk,SIRI is Low Risk because neither the M-Score nor Sloan accrual thresholds were exceeded.
SNPS,2020,2020-10-31,8-variable,1.2853461577350176,0.9892831507328287,0.940792702518373,1.0965833247537562,1.055670007554357,1.131977273105278,0.9544892142334415,-0.04071774290161147,-2.3528417859954094,-0.04530113911653039,0.12487004810261762,0.21916948167258676,-1.78,False,False,False,0.15524173222430626,0.5579350590334478,SYNOPSYS INC,7372,Services-Prepackaged Software,SEC SIC,100.0,Complete,84,84,Low Risk,SNPS is Low Risk because neither the M-Score nor Sloan accrual thresholds were exceeded.
SNPS,2021,2021-10-31,8-variable,0.6383075925926346,0.9865933441019789,1.0046043682683947,1.1408066304848938,1.0046341079198247,0.99505316794636,0.9984881229569574,-0.08399042075989516,-3.083489067374443,-0.08760480224369428,-1.5040183667022482,-0.4766602753143667,-1.78,False,False,False,-0.139234003093342,-0.12194611253968579,SYNOPSYS INC,7372,Services-Prepackaged Software,SEC SIC,100.0,Complete,84,84,Medium Risk,SNPS is Medium Risk because its M-Score z-score of -1.50 was elevated.
SNPS,2022,2022-10-31,8-variable,1.2754846454360314,0.9870571293250082,1.005834432957462,1.0978834701451623,0.9387285639969513,0.8842390935943306,1.0652532285964884,-0.08009121172909106,-2.526938720300991,-0.08302604237552536,-0.10496819093410703,-0.5190879971324002,-1.78,False,False,False,0.2692531971219696,0.6046488532880019,SYNOPSYS INC,7372,Services-Prepackaged Software,SEC SIC,100.0,Complete,84,84,Low Risk,SNPS is Low Risk because neither the M-Score nor Sloan accrual thresholds were exceeded.
SNPS,2023,2023-10-31,8-variable,0.933974866790023,0.9991121425152365,0.9777098754937287,1.1521541412661183,1.03498149326222,1.042668305454699,0.9793334631656571,-0.0458124454243346,-2.6254101790049744,-0.04793486659911303,0.0452348740056251,0.25570899731914437,-1.78,False,False,False,0.13026163960472248,0.09409079473509374,SYNOPSYS INC,7372,Services-Prepackaged Software,SEC SIC,100.0,Complete,84,84,Low Risk,SNPS is Low Risk because neither the M-Score nor Sloan accrual thresholds were exceeded.
SNPS,2024,2024-10-31,8-variable,0.9467331124965089,1.0117873891182405,0.7515927767564826,1.1522038114228357,0.9017341819924186,1.3098724349261939,0.7014890583274411,0.0655025054000207,-2.1478718406345454,0.07317146737351865,1.0634771583954685,1.8551277180373031,-1.78,False,False,False,-0.10630629688510473,-0.11641124536630243,SYNOPSYS INC,7372,Services-Prepackaged Software,SEC SIC,100.0,Complete,84,84,Medium Risk,SNPS is Medium Risk because its M-Score of -2.148 was close to the high-risk threshold; its M-Score z-score of 1.06 was elevated; its Sloan accrual z-score of 1.86 was elevated.
SNPS,2025,2025-10-31,8-variable,1.3993511437890316,1.0349713971271426,1.8631064481407122,1.151244664162955,0.7066215709060195,1.1759723256708412,1.747666772000157,-0.003865009502127976,-1.9371039778144565,-0.0060813707822415545,0.7163496946187221,0.7025362071668305,-1.78,False,False,False,0.06341721016000923,,SYNOPSYS INC,7372,Services-Prepackaged Software,SEC SIC,100.0,Complete,84,84,Medium Risk,SNPS is Medium Risk because its M-Score of -1.937 was close to the high-risk threshold.
SWKS,2020,2020-10-02,8-variable,0.775315236311737,0.9881447236242021,1.0426418564268412,0.9937514806917792,1.0200941515282345,1.17425617224911,0.5924257073417553,-0.07631151232694304,-2.932761944425732,-0.07836079748248093,-0.6252607522530761,-0.24476003119631942,-1.78,False,False,False,0.28631288867060634,0.13020455848763657,"SKYWORKS SOLUTIONS, INC.",3674,Semiconductors & Related Devices,SEC SIC,100.0,Complete,84,84,Low Risk,SWKS is Low Risk because neither the M-Score nor Sloan accrual thresholds were exceeded.
SWKS,2021,2021-10-01,8-variable,1.38543526418131,0.9774170992468587,1.6307859213992955,1.5225139315195042,1.1207230876599266,0.9153877348714322,3.8367166044246317,-0.03186003468867496,-2.4646463566623,-0.03996378874822959,0.17278372886425628,0.4120552709963932,-1.78,False,False,False,-0.18839815154552575,-0.46982514159203725,"SKYWORKS SOLUTIONS, INC.",3674,Semiconductors & Related Devices,SEC SIC,100.0,Complete,84,84,Low Risk,SWKS is Low Risk because neither the M-Score nor Sloan accrual thresholds were exceeded.
SWKS,2022,2022-09-30,8-variable,1.347438129486188,1.0357849347331087,0.9257856797786819,1.0736724667749702,0.91826281209924,0.9524651982428657,0.9756904067469915,-0.01683607924451757,-2.177779788837489,-0.017108992527699048,0.7235160578415896,0.4652908771348167,-1.78,False,False,False,0.39266913927974234,0.1852816070684291,"SKYWORKS SOLUTIONS, INC.",3674,Semiconductors & Related Devices,SEC SIC,100.0,Complete,84,84,Medium Risk,SWKS is Medium Risk because its M-Score of -2.178 was close to the high-risk threshold.
SWKS,2023,2023-09-29,8-variable,0.9080851493436436,1.0751901112375992,1.00560725166614,0.8700027344818156,0.9044408893005371,1.0943553845771463,0.7035065581614159,-0.1036704759870412,-3.0538927405793515,-0.1009913008294558,-1.3493993168463767,-0.5144768751959642,-1.78,False,False,False,0.11385499077477945,0.030588687021654737,"SKYWORKS SOLUTIONS, INC.",3674,Semiconductors & Related Devices,SEC SIC,100.0,Complete,84,84,Medium Risk,SWKS is Medium Risk because its M-Score z-score of -1.35 was elevated.
SWKS,2024,2024-09-27,8-variable,0.6724360541133046,1.0720809237417024,0.9658542240415373,0.8754505070823904,1.272738221490475,1.094250075463529,0.8337509851207617,-0.1483346009440682,-3.492733431109974,-0.14706163973668462,-1.7511824703178567,-0.9312412200797203,-1.78,False,False,False,-0.3168234676945304,-0.1646272174629143,"SKYWORKS SOLUTIONS, INC.",3674,Semiconductors & Related Devices,SEC SIC,100.0,Complete,84,84,Medium Risk,SWKS is Medium Risk because its M-Score z-score of -1.75 was elevated.
SWKS,2025,2025-10-03,8-variable,1.2017140092189018,1.0007006047883624,1.041524750885191,0.9781953087601724,0.9059737373170184,1.2625698391279248,1.1921029364693132,-0.10404193507641783,-2.9023318844052337,-0.10168947488626753,-0.5115456223614768,-0.5292507775750678,-1.78,False,False,False,-0.26733632179243794,,"SKYWORKS SOLUTIONS, INC.",3674,Semiconductors & Related Devices,SEC SIC,100.0,Complete,84,84,Low Risk,SWKS is Low Risk because neither the M-Score nor Sloan accrual thresholds were exceeded.
TSLA,2020,2020-12-31,8-variable,1.1101806059463428,0.7874703824079881,0.7066050530188391,1.2830987061599806,1.0618033608659736,0.9263406938399691,0.7091589921765182,-0.10013806857405845,-2.7105212194442623,-0.12079993522791677,-0.3377908126786102,-0.8403127221187008,-1.78,False,False,False,-0.03680188557095032,0.4975555924013577,"Tesla, Inc.",3711,Motor Vehicles & Passenger Car Bodies,SEC SIC,87.5,Partial,84,96,Low Risk,TSLA is Low Risk because neither the M-Score nor Sloan accrual thresholds were exceeded.
TSLA,2022,2022-12-31,8-variable,1.0195633501369374,0.987527255459186,0.8352445297724144,1.513516526392063,0.9856403269538176,0.5771913618450143,0.8736037432014565,-0.02633049138915203,-2.087888865296164,-0.030013359267386082,0.9368092247949107,0.27258222233807405,-1.78,False,False,False,1.1251013830584706,1.0172105464518206,"Tesla, Inc.",3711,Motor Vehicles & Passenger Car Bodies,SEC SIC,87.5,Partial,84,96,Medium Risk,TSLA is Medium Risk because its M-Score of -2.088 was close to the high-risk threshold.
TSLA,2023,2023-12-31,8-variable,1.0003318469112068,1.4027393501817702,1.1786067676905816,1.1879526650462793,0.9250597640154018,1.0239647829790712,0.8750623920898497,0.016329325254647434,-1.9227179717349532,0.01842757043967908,2.3323724748993846,1.2190494896532604,-1.78,True,False,True,-0.2036380864245103,0.6252414813331912,"Tesla, Inc.",3711,Motor Vehicles & Passenger Car Bodies,SEC SIC,87.5,Partial,84,96,High Risk,TSLA was flagged because its M-Score z-score of 2.33 was above the 2.0 cross-company threshold.
TSLA,2024,2024-12-31,8-variable,1.2475852220501102,1.021624202706141,0.8925329928561596,1.0094757835346635,0.9769939186381038,1.0628453739720887,0.954728308614047,-0.06415990824936511,-2.5746237599536377,-0.06849506751556705,0.17032844533069366,0.06277579799606729,-1.78,False,False,False,-0.21340133086687862,0.11360936335891059,"Tesla, Inc.",3711,Motor Vehicles & Passenger Car Bodies,SEC SIC,87.5,Partial,84,96,Low Risk,TSLA is Low Risk because neither the M-Score nor Sloan accrual thresholds were exceeded.
TTWO,2020,2020-03-31,8-variable,1.2935018507604565,0.8568777115247064,0.8815267041823678,1.1576139055926524,0.8953239899476936,0.977499138807635,1.0584876300328097,-0.05682532767327725,-2.485997229571934,-0.061188457616528996,-0.04736745392202873,-0.0037788576874105886,-1.78,False,False,False,0.3929685555223219,0.4897563109262886,TAKE TWO INTERACTIVE SOFTWARE INC,7372,Services-Prepackaged Software,SEC SIC,100.0,Complete,96,96,Low Risk,TTWO is Low Risk because neither the M-Score nor Sloan accrual thresholds were exceeded.
TTWO,2021,2021-03-31,8-variable,0.8543436851821391,0.9188779376228075,1.0285670654598196,1.0918849972644604,0.9853495350285624,1.1235307623115387,0.9186358064823681,-0.053647694890927966,-2.81067731426561,-0.05892293466823965,-0.7648138622464334,0.05838337177260437,-1.78,False,False,False,-0.12807011892961195,-0.12993770148056882,TAKE TWO INTERACTIVE SOFTWARE INC,7372,Services-Prepackaged Software,SEC SIC,100.0,Complete,96,96,Low Risk,TTWO is Low Risk because neither the M-Score nor Sloan accrual thresholds were exceeded.
TTWO,2022,2022-03-31,8-variable,1.0087130985874846,0.9696462734679303,1.351131250076558,1.0391366223908918,1.3456804086564913,1.2593702874933113,0.7189070557779851,0.024441287444816155,-2.109824090443301,0.02544829153690026,0.8847613265739506,1.100824346488981,-1.78,False,False,False,-0.29101082278258017,-0.22401457792934454,TAKE TWO INTERACTIVE SOFTWARE INC,7372,Services-Prepackaged Software,SEC SIC,100.0,Complete,96,96,Medium Risk,TTWO is Medium Risk because its M-Score of -2.110 was close to the high-risk threshold; its Sloan accrual z-score of 1.10 was elevated.
TTWO,2023,2023-03-31,8-variable,0.8629337336982603,1.3154463434325592,2.196683170639003,1.5264494407669482,0.8655074990969575,1.076471097150659,1.0949018569951792,-0.0709742089635042,-1.878233290854356,-0.10048017707645347,2.477162164116298,-0.5070572229072289,-1.78,True,False,True,0.17678118858673297,0.24467729836303764,TAKE TWO INTERACTIVE SOFTWARE INC,7372,Services-Prepackaged Software,SEC SIC,100.0,Complete,96,96,High Risk,TTWO was flagged because its M-Score z-score of 2.48 was above the 2.0 cross-company threshold.
TTWO,2024,2024-03-31,8-variable,0.8906421866726296,1.0193468864042825,0.9570081447251234,0.9999439241854988,0.7921865572556719,0.8530555784903692,1.2704978007127645,-0.3051592466173907,-4.102729762569091,-0.2655436447166922,-3.027843250862751,-2.4302646082250923,-1.78,False,True,True,0.03515388933663566,0.39571683165936067,TAKE TWO INTERACTIVE SOFTWARE INC,7372,Services-Prepackaged Software,SEC SIC,100.0,Complete,96,96,High Risk,TTWO was flagged because its Sloan accrual z-score of -2.43 was outside the +/-2.0 threshold.
TTWO,2025,2025-03-31,8-variable,1.0772803436636533,0.7709531907695896,0.8253806905845513,1.0530880813518768,0.8627950880531028,1.1713046277960937,1.492333890206977,-0.48293703094535273,-5.018928942286871,-0.41441096197704413,-3.2041321064039416,-4.558263393790408,-1.78,False,True,True,0.2466103032644753,-0.04704463208685161,TAKE TWO INTERACTIVE SOFTWARE INC,7372,Services-Prepackaged Software,SEC SIC,100.0,Complete,96,96,High Risk,TTWO was flagged because its Sloan accrual z-score of -4.56 was outside the +/-2.0 threshold.
TTWO,2026,2026-03-31,8-variable,0.8089159159599364,0.949721300290458,0.9482285150839824,1.1815535359272933,1.1053688462637936,0.837815738331449,0.8105275359223827,-0.09831400801432347,-2.8993550740407326,-0.09938644358135952,-0.89717980374163,-0.8144786251859754,-1.78,False,False,False,,,TAKE TWO INTERACTIVE SOFTWARE INC,7372,Services-Prepackaged Software,SEC SIC,100.0,Complete,96,96,Low Risk,TTWO is Low Risk because neither the M-Score nor Sloan accrual thresholds were exceeded.
TXN,2020,2020-12-31,8-variable,1.3094721988390532,0.9940335530701045,0.9137559662579077,1.0054230689007857,0.963726287497921,0.9813044581285499,1.0830822150226507,-0.028112242261381842,-2.388101982808622,-0.02911504187963285,0.07926073573143493,0.4463106131156345,-1.78,False,False,False,0.18524284222125975,0.17530973542466977,TEXAS INSTRUMENTS INC,3674,Semiconductors & Related Devices,SEC SIC,100.0,Complete,84,84,Low Risk,TXN is Low Risk because neither the M-Score nor Sloan accrual thresholds were exceeded.
TXN,2021,2021-12-31,8-variable,0.9483293428557859,0.9500540137222167,0.7851427615017442,1.2685153170596777,1.430333839702665,0.8092091067700755,0.8906036260967843,-0.03999837899173286,-2.470270522698023,-0.04483612328798237,0.1575446168390667,0.3211646888151935,-1.78,False,False,False,-0.17377219623829954,-0.0985743436836839,TEXAS INSTRUMENTS INC,3674,Semiconductors & Related Devices,SEC SIC,100.0,Complete,84,84,Low Risk,TXN is Low Risk because neither the M-Score nor Sloan accrual thresholds were exceeded.
TXN,2022,2022-12-31,8-variable,1.020378642152603,0.9812018613731689,0.9782899637128328,1.0918011338857392,1.0799360079210827,0.9368089956174201,1.0373324278279257,0.0010659021575329878,-2.385220163688415,0.0011178998901374246,0.23130157430035073,0.7374840029054659,-1.78,False,False,False,0.10579099045558515,0.06409019858718601,TEXAS INSTRUMENTS INC,3674,Semiconductors & Related Devices,SEC SIC,100.0,Complete,84,84,Low Risk,TXN is Low Risk because neither the M-Score nor Sloan accrual thresholds were exceeded.
TXN,2023,2023-12-31,8-variable,1.0780616777773577,1.093188426302097,0.9633007926673811,0.8747253844617535,1.1276186631828433,1.22439500293042,1.0452682029453755,0.002782243106219859,-2.5112555852869582,0.0030224162538829654,0.4167876831958061,0.9954228496437496,-1.78,False,False,False,0.15850164710117975,0.13136440867110766,TEXAS INSTRUMENTS INC,3674,Semiconductors & Related Devices,SEC SIC,100.0,Complete,84,84,Low Risk,TXN is Low Risk because neither the M-Score nor Sloan accrual thresholds were exceeded.
TXN,2024,2024-12-31,8-variable,1.0774475074065848,1.081788689933213,1.1516142460865328,0.8928021005765169,0.8963960601035277,1.1010432188671677,1.0772485952063706,-0.042777887296178436,-2.6546441477925424,-0.04477062056972751,0.002853846666212692,0.36293531039314764,-1.78,False,False,False,0.12495183914746977,-0.04472990441946001,TEXAS INSTRUMENTS INC,3674,Semiconductors & Related Devices,SEC SIC,100.0,Complete,84,84,Low Risk,TXN is Low Risk because neither the M-Score nor Sloan accrual thresholds were exceeded.
TXN,2025,2025-12-31,8-variable,1.0101306587670393,1.019605226241783,0.9569279139671367,1.1304903778530784,0.870822509347665,0.9171146592400335,1.0402909407810463,-0.06222350730085297,-2.666250001301391,-0.06140325848146774,-0.21121879104248134,-0.010214891475551427,-1.78,False,False,False,0.7380827941840387,,TEXAS INSTRUMENTS INC,3674,Semiconductors & Related Devices,SEC SIC,100.0,Complete,84,84,Low Risk,TXN is Low Risk because neither the M-Score nor Sloan accrual thresholds were exceeded.
VRSK,2020,2020-12-31,8-variable,1.1248723965218412,0.960361223253608,0.9934170700409983,0.870469103601703,1.085604095284365,0.5866809668841514,0.9352150922182962,-0.047012616043799096,-2.62209975358341,-0.04864199220086201,-0.22341702520008072,0.17228695412726652,-1.78,False,False,False,-0.15550731733888812,0.10851515994419736,"Verisk Analytics, Inc.",7374,Services-Computer Processing & Data Preparation,SEC SIC,97.6,Complete,82,84,Low Risk,VRSK is Low Risk because neither the M-Score nor Sloan accrual thresholds were exceeded.
VRSK,2021,2021-12-31,8-variable,0.6391835534873238,0.9966654521354021,1.0053926858624527,1.085088569665991,0.8318309997036738,0.9365348231255992,1.075796229667351,-0.06269130774452171,-3.0621755434831956,-0.06369592515240828,-1.44626772844455,-0.030654004522461174,-1.78,False,False,False,-0.24050904022027242,-0.22330340974965535,"Verisk Analytics, Inc.",7374,Services-Computer Processing & Data Preparation,SEC SIC,97.6,Complete,82,84,Medium Risk,VRSK is Medium Risk because its M-Score z-score of -1.45 was elevated.
VRSK,2022,2022-12-31,8-variable,0.9539573530250305,0.9754481780644128,0.9676180626342541,1.014010152284264,1.0501474962741961,1.201241937323511,1.3151254569298751,-0.01509818850469035,-2.7384449436347866,-0.014232321317336078,-0.6068301190125557,0.5082499351362177,-1.78,False,False,False,0.285628701128271,0.3623615801286795,"Verisk Analytics, Inc.",7374,Services-Computer Processing & Data Preparation,SEC SIC,97.6,Complete,82,84,Low Risk,VRSK is Low Risk because neither the M-Score nor Sloan accrual thresholds were exceeded.
VRSK,2023,2023-12-31,8-variable,1.0727923157337511,0.9950160282094178,0.8563276015281236,1.0738486183420104,1.047423545826937,0.9563719427880488,0.9612548046765205,-0.10217356450837131,-2.8602759839052796,-0.07876615580196342,-0.7192113629016941,-0.19184884783063058,-1.78,False,False,False,0.13203474592757547,0.15999177615799964,"Verisk Analytics, Inc.",7374,Services-Computer Processing & Data Preparation,SEC SIC,97.6,Complete,82,84,Low Risk,VRSK is Low Risk because neither the M-Score nor Sloan accrual thresholds were exceeded.
WMT,2020,2020-01-31,8-variable,0.9816978258029986,1.0164235524104637,1.2137625427020127,1.0188055156575464,0.9820176074786146,0.9966017960418037,0.9311566289176302,-0.043865620837649846,-2.56925071898495,-0.04552096360165866,-0.15505642754699608,0.21608466255034037,-1.78,False,False,False,0.14022421529560658,0.24757848135961913,Walmart Inc.,5331,Retail-Variety Stores,SEC SIC,100.0,Complete,96,96,Low Risk,WMT is Low Risk because neither the M-Score nor Sloan accrual thresholds were exceeded.
WMT,2021,2021-01-31,8-variable,0.9709819680440773,0.9919452257992905,0.9466985259017953,1.0679077407169482,0.876318561695285,1.0009403525059706,1.031714581039546,-0.08936379190165389,-2.9147985573374195,-0.0922879971206014,-1.0469384078759463,-0.5640225665029552,-1.78,False,False,False,0.02290060767235924,0.010985247119480013,Walmart Inc.,5331,Retail-Variety Stores,SEC SIC,100.0,Complete,96,96,Medium Risk,WMT is Medium Risk because its M-Score z-score of -1.05 was elevated.
WMT,2022,2022-01-31,8-variable,1.2426768542674513,0.9942380863361309,1.0171918956298889,1.022565301414001,1.0647759167665867,0.9907488471443916,0.9418418276717891,-0.042914318386016496,-2.4054437544502276,-0.04225544680269264,0.18331504183612618,0.0897637804553449,-1.78,False,False,False,-0.04840443386889581,0.04521531893790032,Walmart Inc.,5331,Retail-Variety Stores,SEC SIC,100.0,Complete,96,96,Low Risk,WMT is Low Risk because neither the M-Score nor Sloan accrual thresholds were exceeded.
WMT,2023,2023-01-31,8-variable,0.8978134475586623,1.0416316019758507,0.9706049875105373,1.0671390476995644,1.0342565995715027,1.0112805788345969,1.0447583064158124,-0.07056419281487847,-2.8468242718881274,-0.07032375316817503,-0.675428443392241,-0.06929595989249691,-1.78,False,False,False,0.11993435135724839,0.1661258072922578,Walmart Inc.,5331,Retail-Variety Stores,SEC SIC,100.0,Complete,96,96,Low Risk,WMT is Low Risk because neither the M-Score nor Sloan accrual thresholds were exceeded.
WMT,2024,2024-01-31,8-variable,1.0453684133127932,0.9887812070084574,0.933675546577026,1.060665378184825,1.0139778094890706,0.9712131262017538,0.9764552137494197,-0.0800914425176011,-2.7773560683451564,-0.08157854381391294,-0.2539698229124672,-0.102755136197488,-1.78,False,False,False,0.25468365047808783,0.8033868032293194,Walmart Inc.,5331,Retail-Variety Stores,SEC SIC,100.0,Complete,96,96,Low Risk,WMT is Low Risk because neither the M-Score nor Sloan accrual thresholds were exceeded.
WMT,2025,2025-01-31,8-variable,1.0804060056028972,0.9832906612187329,0.9177559271409932,1.0496407769860745,0.9904097072088787,1.0175416738527254,0.9785275035344032,-0.06520513911733244,-2.7059894292447,-0.0662754129791786,-0.26177250704869415,-0.07298631189198478,-1.78,False,False,False,0.0033273156576056895,0.22535048050547224,Walmart Inc.,5331,Retail-Variety Stores,SEC SIC,100.0,Complete,96,96,Low Risk,WMT is Low Risk because neither the M-Score nor Sloan accrual thresholds were exceeded.
WMT,2026,2026-01-31,8-variable,1.0694629911963682,0.9968385457671299,0.9511551881674783,1.0472545653469485,1.0323768381242573,1.0098901035000702,1.001582391683379,-0.06910506273975298,-2.7171833196826487,-0.0721258462559419,-0.5876218492595208,-0.42579886755543517,-1.78,False,False,False,,,Walmart Inc.,5331,Retail-Variety Stores,SEC SIC,100.0,Complete,96,96,Low Risk,WMT is Low Risk because neither the M-Score nor Sloan accrual thresholds were exceeded.
