ticker,fy,fiscal_end,Revenues,CostOfRevenue,NetIncome,Receivables,CurrentAssets,PPE,TotalAssets,Depreciation,SGA,CurrentLiabilities,LongTermDebt,OperatingCashFlow
AAPL,2019,2019-09-28,260174000000.0,161782000000.0,55256000000.0,22926000000.0,162819000000.0,37378000000.0,338516000000.0,12547000000.0,18245000000.0,105718000000.0,91807000000.0,69391000000.0
AAPL,2020,2020-09-26,274515000000.0,169559000000.0,57411000000.0,16120000000.0,143713000000.0,36766000000.0,323888000000.0,11056000000.0,19916000000.0,105392000000.0,98667000000.0,80674000000.0
AAPL,2021,2021-09-25,365817000000.0,212981000000.0,94680000000.0,26278000000.0,134836000000.0,39440000000.0,351002000000.0,11284000000.0,21973000000.0,125481000000.0,109106000000.0,104038000000.0
AAPL,2022,2022-09-24,394328000000.0,223546000000.0,99803000000.0,28184000000.0,135405000000.0,42117000000.0,352755000000.0,11104000000.0,25094000000.0,153982000000.0,98959000000.0,122151000000.0
AAPL,2023,2023-09-30,383285000000.0,214137000000.0,96995000000.0,29508000000.0,143566000000.0,43715000000.0,352583000000.0,11519000000.0,24932000000.0,145308000000.0,95281000000.0,110543000000.0
AAPL,2024,2024-09-28,391035000000.0,210352000000.0,93736000000.0,33410000000.0,152987000000.0,45680000000.0,364980000000.0,11445000000.0,26097000000.0,176392000000.0,85750000000.0,118254000000.0
AAPL,2025,2025-09-27,416161000000.0,220960000000.0,112010000000.0,39777000000.0,147957000000.0,49834000000.0,359241000000.0,11698000000.0,27601000000.0,165631000000.0,78328000000.0,111482000000.0
ABNB,2019,2019-12-31,4805239000.0,1196313000.0,-674339000.0,,,,,57200000.0,697181000.0,,,222727000.0
ABNB,2020,2020-12-31,3378000000.0,876000000.0,-4585000000.0,,8916386000.0,270194000.0,10491499000.0,67200000.0,1135000000.0,5139779000.0,1815562000.0,-740000000.0
ABNB,2021,2021-12-31,5992000000.0,1156000000.0,-352000000.0,,12386000000.0,157000000.0,13708000000.0,85600000.0,836000000.0,6359000000.0,1983000000.0,2313000000.0
ABNB,2022,2022-12-31,8399000000.0,1499000000.0,1893000000.0,,14861000000.0,121000000.0,16038000000.0,42600000.0,950000000.0,7978000000.0,1987000000.0,3430000000.0
ABNB,2023,2023-12-31,9917000000.0,1703000000.0,4792000000.0,,16509000000.0,160000000.0,20645000000.0,18000000.0,2025000000.0,9950000000.0,1991000000.0,3884000000.0
ABNB,2024,2024-12-31,11102000000.0,1878000000.0,2648000000.0,,17180000000.0,147000000.0,20959000000.0,16000000.0,1185000000.0,10161000000.0,1995000000.0,4518000000.0
ABNB,2025,2025-12-31,12241000000.0,2086000000.0,2511000000.0,,18797000000.0,107000000.0,22208000000.0,17000000.0,1342000000.0,13649000000.0,0.0,4646000000.0
ADBE,2019,2019-11-29,11171000000.0,1673000000.0,2951000000.0,1535000000.0,6495000000.0,1293000000.0,20762000000.0,757000000.0,881000000.0,8191000000.0,989000000.0,4422000000.0
ADBE,2020,2020-11-27,12868000000.0,1722000000.0,5260000000.0,1398000000.0,8146000000.0,1517000000.0,24284000000.0,757000000.0,968000000.0,5512000000.0,4117000000.0,5727000000.0
ADBE,2021,2021-12-03,15785000000.0,1865000000.0,4822000000.0,1878000000.0,8669000000.0,1673000000.0,27241000000.0,788000000.0,1085000000.0,6932000000.0,4123000000.0,7230000000.0
ADBE,2022,2022-12-02,17606000000.0,2165000000.0,4756000000.0,2065000000.0,8996000000.0,1908000000.0,27165000000.0,856000000.0,1219000000.0,8128000000.0,3629000000.0,7838000000.0
ADBE,2023,2023-12-01,19409000000.0,2354000000.0,5428000000.0,2224000000.0,11084000000.0,2030000000.0,29779000000.0,872000000.0,1413000000.0,8251000000.0,3634000000.0,7302000000.0
ADBE,2024,2024-11-29,21505000000.0,2358000000.0,5560000000.0,2072000000.0,11232000000.0,1936000000.0,30230000000.0,857000000.0,1529000000.0,10521000000.0,4129000000.0,8056000000.0
ADBE,2025,2025-11-28,23769000000.0,2551000000.0,7130000000.0,2344000000.0,10163000000.0,1873000000.0,29496000000.0,818000000.0,1573000000.0,10200000000.0,6210000000.0,10031000000.0
ADI,2019,2019-11-02,5991065000.0,1977315000.0,1363011000.0,635136000.0,1985126000.0,1219989000.0,21392641000.0,240677000.0,648094000.0,1508632000.0,,2253100000.0
ADI,2020,2020-10-31,5603056000.0,1912578000.0,1220761000.0,737536000.0,2517688000.0,1120561000.0,21468603000.0,233775000.0,659923000.0,1364986000.0,,2008487000.0
ADI,2021,2021-10-30,7318286000.0,2793274000.0,1390422000.0,1459056000.0,5378317000.0,1979051000.0,52322071000.0,231275000.0,915418000.0,2770312000.0,,2735069000.0
ADI,2022,2022-10-29,12013953000.0,4481479000.0,2748561000.0,1800462000.0,4937992000.0,2401304000.0,50302350000.0,283338000.0,1266175000.0,2442655000.0,6548625000.0,4475402000.0
ADI,2023,2023-10-28,12305539000.0,4428321000.0,3314579000.0,1469734000.0,4384022000.0,3219157000.0,48794478000.0,334704000.0,1273584000.0,3200971000.0,5902457000.0,4817634000.0
ADI,2024,2024-11-02,9427157000.0,4045814000.0,1635273000.0,1336331000.0,5484654000.0,3415550000.0,48228277000.0,362771000.0,1068640000.0,2988280000.0,6634313000.0,3852529000.0
ADI,2025,2025-11-01,11019707000.0,4246229000.0,2267342000.0,1436075000.0,7108061000.0,3315696000.0,47992712000.0,406801000.0,1255339000.0,3245801000.0,8145066000.0,4812202000.0
ADP,2019,2019-06-30,14110200000.0,8021600000.0,2292800000.0,2439300000.0,34342300000.0,764200000.0,41887700000.0,409000000.0,3064200000.0,32627700000.0,2002200000.0,2688300000.0
ADP,2020,2020-06-30,14589800000.0,8445100000.0,2466500000.0,2441300000.0,31564100000.0,703900000.0,39165500000.0,480000000.0,3003000000.0,30126600000.0,1002800000.0,3026200000.0
ADP,2021,2021-06-30,15005400000.0,8640300000.0,2598500000.0,2727400000.0,40741800000.0,684500000.0,48772500000.0,510700000.0,3040500000.0,38094800000.0,2985000000.0,3093300000.0
ADP,2022,2022-06-30,16498300000.0,9461900000.0,2948900000.0,3170600000.0,54804900000.0,652600000.0,63068200000.0,515100000.0,3233200000.0,55158700000.0,2987100000.0,3099500000.0
ADP,2023,2023-06-30,18012200000.0,9953400000.0,3412000000.0,3009600000.0,42170600000.0,681400000.0,50971000000.0,549300000.0,3551400000.0,42767600000.0,2989000000.0,4207600000.0
ADP,2024,2024-06-30,19202600000.0,10476700000.0,3752000000.0,3428200000.0,45542500000.0,685600000.0,54362700000.0,561900000.0,3778900000.0,45080000000.0,2991300000.0,4157600000.0
ADP,2025,2025-06-30,20560900000.0,11097300000.0,4079700000.0,3579100000.0,43252200000.0,655400000.0,53369300000.0,582400000.0,4051700000.0,41278300000.0,3974700000.0,4939700000.0
ADSK,2019,2019-01-31,2569800000.0,285900000.0,-80800000.0,474300000.0,1620000000.0,149700000.0,4729200000.0,59200000.0,340100000.0,2301200000.0,2087700000.0,377100000.0
ADSK,2020,2020-01-31,3274300000.0,324900000.0,214500000.0,652300000.0,2659300000.0,161700000.0,6179300000.0,51000000.0,405600000.0,3219200000.0,2100000000.0,1415100000.0
ADSK,2021,2021-01-31,3790000000.0,337000000.0,1208000000.0,643100000.0,2625500000.0,192800000.0,7279800000.0,51000000.0,414000000.0,3254700000.0,1650000000.0,1437000000.0
ADSK,2022,2022-01-31,4386000000.0,418000000.0,497000000.0,716000000.0,2764000000.0,162000000.0,8607000000.0,52000000.0,572000000.0,4009000000.0,2650000000.0,1531000000.0
ADSK,2023,2023-01-31,5005000000.0,480000000.0,823000000.0,961000000.0,3341000000.0,144000000.0,9438000000.0,50000000.0,532000000.0,4000000000.0,2300000000.0,2071000000.0
ADSK,2024,2024-01-31,5497000000.0,511000000.0,906000000.0,876000000.0,3579000000.0,121000000.0,9912000000.0,47000000.0,620000000.0,4351000000.0,2300000000.0,1313000000.0
ADSK,2025,2025-01-31,6131000000.0,578000000.0,1112000000.0,1008000000.0,3482000000.0,117000000.0,10833000000.0,43000000.0,650000000.0,5151000000.0,2300000000.0,1607000000.0
ADSK,2026,2026-01-31,7206000000.0,650000000.0,1124000000.0,1439000000.0,4942000000.0,121000000.0,12467000000.0,43000000.0,693000000.0,5808000000.0,2500000000.0,2452000000.0
AEP,2019,2019-12-31,15561400000.0,,1919800000.0,1705100000.0,4077800000.0,60138100000.0,75892300000.0,2203700000.0,,10299100000.0,25126800000.0,4270100000.0
AEP,2020,2020-12-31,14918500000.0,,2196700000.0,1842700000.0,4351500000.0,63901600000.0,80757200000.0,2487500000.0,,9926700000.0,28986400000.0,3832900000.0
AEP,2021,2021-12-31,16792000000.0,,2488100000.0,1941600000.0,7809200000.0,66001300000.0,87668700000.0,2717100000.0,,12426700000.0,31300700000.0,3839900000.0
AEP,2022,2022-12-31,19391700000.0,,2305600000.0,2668000000.0,6775500000.0,73339100000.0,93403300000.0,3072800000.0,,13266300000.0,34314600000.0,5288000000.0
AEP,2023,2023-12-31,19456000000.0,,2213000000.0,2447400000.0,6082100000.0,564300000.0,96684000000.0,2927000000.0,,11583600000.0,37652700000.0,5012000000.0
AEP,2024,2024-12-31,19970000000.0,,2976000000.0,2632000000.0,5789000000.0,715000000.0,103078000000.0,3149000000.0,,13009000000.0,39308000000.0,6804000000.0
AEP,2025,2025-12-31,21702000000.0,,3696000000.0,2867000000.0,6052000000.0,736000000.0,114460000000.0,3325000000.0,,13314000000.0,44128000000.0,6944000000.0
ALAB,2022,2022-12-31,79872000.0,21191000.0,-58345000.0,,,,,807000.0,20757000.0,,,-35898000.0
ALAB,2023,2023-12-31,115794000.0,35967000.0,-26257000.0,8335000.0,185807000.0,4712000.0,196292000.0,1781000.0,15925000.0,35079000.0,3787000.0,-12716000.0
ALAB,2024,2024-12-31,396290000.0,93591000.0,-83421000.0,38811000.0,1012979000.0,35651000.0,1054508000.0,3154000.0,94283000.0,86542000.0,3167000.0,136676000.0
ALAB,2025,2025-12-31,852525000.0,207264000.0,219134000.0,83202000.0,1362030000.0,92038000.0,1531823000.0,6829000.0,88066000.0,133042000.0,35147000.0,319306000.0
ALNY,2019,2019-12-31,219750000.0,25062000.0,-886116000.0,43011000.0,1715864000.0,425179000.0,2395134000.0,17175000.0,479005000.0,352594000.0,603848000.0,-278427000.0
ALNY,2020,2020-12-31,492853000.0,74185000.0,-858281000.0,102413000.0,2614777000.0,465029000.0,3407061000.0,34772000.0,588420000.0,585270000.0,1805544000.0,-614961000.0
ALNY,2021,2021-12-31,844287000.0,115005000.0,-852824000.0,198571000.0,2808576000.0,501958000.0,3643304000.0,47567000.0,620639000.0,695710000.0,2359391000.0,-641693000.0
ALNY,2022,2022-12-31,1037418000.0,140174000.0,-1131156000.0,237963000.0,2692247000.0,523494000.0,3546359000.0,44468000.0,770658000.0,767915000.0,2936667000.0,-541274000.0
ALNY,2023,2023-12-31,1828292000.0,268216000.0,-440242000.0,327787000.0,2982697000.0,526057000.0,3829880000.0,54054000.0,795646000.0,967786000.0,3082738000.0,104156000.0
ALNY,2024,2024-12-31,2248243000.0,306513000.0,-278157000.0,405308000.0,3295285000.0,502784000.0,4239983000.0,56670000.0,975526000.0,1186272000.0,2986623000.0,-8312000.0
ALNY,2025,2025-12-31,3713937000.0,677166000.0,313747000.0,777567000.0,4050662000.0,513147000.0,4966331000.0,55658000.0,1210713000.0,1466349000.0,2710806000.0,524080000.0
AMAT,2019,2019-10-27,14608000000.0,8222000000.0,2706000000.0,2533000000.0,10206000000.0,1529000000.0,19024000000.0,363000000.0,461000000.0,4447000000.0,4713000000.0,3247000000.0
AMAT,2020,2020-10-25,17202000000.0,9510000000.0,3619000000.0,2963000000.0,13369000000.0,1604000000.0,22353000000.0,376000000.0,567000000.0,4459000000.0,5448000000.0,3804000000.0
AMAT,2021,2021-10-31,23063000000.0,12149000000.0,5888000000.0,4953000000.0,16107000000.0,1934000000.0,25825000000.0,394000000.0,620000000.0,6344000000.0,5452000000.0,5442000000.0
AMAT,2022,2022-10-30,25785000000.0,13792000000.0,6525000000.0,6068000000.0,15925000000.0,2307000000.0,26726000000.0,444000000.0,735000000.0,7379000000.0,5457000000.0,5399000000.0
AMAT,2023,2023-10-29,26517000000.0,14133000000.0,6856000000.0,5165000000.0,19147000000.0,2723000000.0,30729000000.0,471000000.0,1628000000.0,7372000000.0,5461000000.0,8700000000.0
AMAT,2024,2024-10-27,27176000000.0,14279000000.0,7177000000.0,5234000000.0,21220000000.0,3339000000.0,34409000000.0,346000000.0,1797000000.0,8468000000.0,5460000000.0,8677000000.0
AMAT,2025,2025-10-26,28368000000.0,14560000000.0,6998000000.0,5185000000.0,20881000000.0,4610000000.0,36299000000.0,389000000.0,1768000000.0,7999000000.0,6455000000.0,7958000000.0
AMD,2019,2019-12-28,6731000000.0,3863000000.0,341000000.0,1859000000.0,4597000000.0,500000000.0,6028000000.0,222000000.0,750000000.0,2359000000.0,486000000.0,493000000.0
AMD,2020,2020-12-26,9763000000.0,5416000000.0,2490000000.0,2066000000.0,6143000000.0,641000000.0,8962000000.0,217000000.0,995000000.0,2417000000.0,330000000.0,1071000000.0
AMD,2021,2021-12-25,16434000000.0,8505000000.0,3162000000.0,2706000000.0,8583000000.0,702000000.0,12419000000.0,296000000.0,1448000000.0,4240000000.0,1000000.0,3521000000.0
AMD,2022,2022-12-31,23601000000.0,12998000000.0,1320000000.0,4126000000.0,15019000000.0,1513000000.0,67580000000.0,439000000.0,2336000000.0,6369000000.0,2467000000.0,3565000000.0
AMD,2023,2023-12-30,22680000000.0,12220000000.0,854000000.0,4323000000.0,16768000000.0,1589000000.0,67885000000.0,441000000.0,2318000000.0,6689000000.0,1717000000.0,1667000000.0
AMD,2024,2024-12-28,25785000000.0,13060000000.0,1641000000.0,6192000000.0,19049000000.0,1802000000.0,69226000000.0,454000000.0,2735000000.0,7281000000.0,1721000000.0,3041000000.0
AMD,2025,2025-12-27,34639000000.0,17487000000.0,4335000000.0,6315000000.0,26947000000.0,2312000000.0,76926000000.0,521000000.0,4144000000.0,9455000000.0,2348000000.0,7709000000.0
AMGN,2019,2019-12-31,23362000000.0,4356000000.0,7842000000.0,4057000000.0,18440000000.0,4928000000.0,59707000000.0,2206000000.0,5150000000.0,12835000000.0,26950000000.0,9150000000.0
AMGN,2020,2020-12-31,25424000000.0,6159000000.0,7264000000.0,4525000000.0,21144000000.0,4889000000.0,62948000000.0,3601000000.0,5730000000.0,11653000000.0,32895000000.0,10497000000.0
AMGN,2021,2021-12-31,25979000000.0,6454000000.0,5893000000.0,4895000000.0,19385000000.0,5184000000.0,61165000000.0,3398000000.0,5368000000.0,12184000000.0,33222000000.0,9261000000.0
AMGN,2022,2022-12-31,26323000000.0,6406000000.0,6552000000.0,5563000000.0,22186000000.0,5427000000.0,65121000000.0,3417000000.0,5414000000.0,15687000000.0,37354000000.0,9721000000.0
AMGN,2023,2023-12-31,28190000000.0,8451000000.0,6717000000.0,7268000000.0,30332000000.0,5941000000.0,97154000000.0,4071000000.0,6179000000.0,18392000000.0,63170000000.0,8471000000.0
AMGN,2024,2024-12-31,33424000000.0,12858000000.0,4090000000.0,6782000000.0,29030000000.0,6543000000.0,91839000000.0,5592000000.0,7096000000.0,23099000000.0,56549000000.0,11490000000.0
AMGN,2025,2025-12-31,36751000000.0,12037000000.0,7711000000.0,9570000000.0,29057000000.0,7913000000.0,90586000000.0,5167000000.0,7050000000.0,25489000000.0,50005000000.0,9958000000.0
AMZN,2019,2019-12-31,280522000000.0,165536000000.0,11588000000.0,20816000000.0,96334000000.0,72705000000.0,225248000000.0,21789000000.0,5203000000.0,87812000000.0,23414000000.0,38514000000.0
AMZN,2020,2020-12-31,386064000000.0,233307000000.0,21331000000.0,24542000000.0,132733000000.0,,321195000000.0,25180000000.0,6668000000.0,126385000000.0,31816000000.0,66064000000.0
AMZN,2021,2021-12-31,469822000000.0,272344000000.0,33364000000.0,32891000000.0,161580000000.0,,420549000000.0,34433000000.0,8823000000.0,142266000000.0,48744000000.0,46327000000.0
AMZN,2022,2022-12-31,513983000000.0,288831000000.0,-2722000000.0,42360000000.0,146791000000.0,,462675000000.0,41921000000.0,11891000000.0,155393000000.0,67150000000.0,46752000000.0
AMZN,2023,2023-12-31,574785000000.0,304739000000.0,30425000000.0,52253000000.0,172351000000.0,,527854000000.0,48663000000.0,11816000000.0,164917000000.0,58314000000.0,84946000000.0
AMZN,2024,2024-12-31,637959000000.0,326288000000.0,59248000000.0,55451000000.0,190867000000.0,252665000000.0,624894000000.0,52795000000.0,11359000000.0,179431000000.0,52623000000.0,115877000000.0
AMZN,2025,2025-12-31,716924000000.0,356414000000.0,77670000000.0,67729000000.0,229083000000.0,357025000000.0,818042000000.0,65756000000.0,11172000000.0,218005000000.0,65648000000.0,139514000000.0
APP,2019,2019-12-31,994104000.0,241274000.0,119040000.0,,,,,92806000.0,31712000.0,,,198462000.0
APP,2020,2020-12-31,1451086000.0,555578000.0,-125187000.0,296964000.0,662994000.0,,2154593000.0,254951000.0,66431000.0,598052000.0,1583990000.0,222883000.0
APP,2021,2021-12-31,2793104000.0,988095000.0,35446000.0,514520000.0,3235064000.0,,6163579000.0,431063000.0,158699000.0,640097000.0,3201834000.0,361851000.0
APP,2022,2022-12-31,2817058000.0,1256065000.0,-192746000.0,702814000.0,1939083000.0,,5847846000.0,547084000.0,181627000.0,578958000.0,3178412000.0,412773000.0
APP,2023,2023-12-31,1841762000.0,356613000.0,356711000.0,953810000.0,1616163000.0,,5359187000.0,489008000.0,150932000.0,944122000.0,2905906000.0,1061510000.0
APP,2024,2024-12-31,3224058000.0,520613000.0,1579776000.0,1283335000.0,2312190000.0,,5869259000.0,448680000.0,164916000.0,1057472000.0,3508983000.0,2099011000.0
APP,2025,2025-12-31,5480717000.0,665140000.0,3333751000.0,1819366000.0,4430792000.0,,7259610000.0,194778000.0,233502000.0,1333788000.0,3512987000.0,3971094000.0
AVGO,2019,2019-11-03,22597000000.0,10114000000.0,2724000000.0,3259000000.0,9917000000.0,2565000000.0,67493000000.0,569000000.0,1709000000.0,6899000000.0,30011000000.0,9697000000.0
AVGO,2020,2020-11-01,23888000000.0,10372000000.0,2960000000.0,2297000000.0,11895000000.0,2509000000.0,75933000000.0,570000000.0,1935000000.0,6371000000.0,40235000000.0,12061000000.0
AVGO,2021,2021-10-31,27450000000.0,10606000000.0,6736000000.0,2071000000.0,16586000000.0,2348000000.0,75570000000.0,539000000.0,1347000000.0,6281000000.0,39440000000.0,13764000000.0
AVGO,2022,2022-10-30,33203000000.0,11108000000.0,11495000000.0,2958000000.0,18504000000.0,2223000000.0,73249000000.0,529000000.0,1382000000.0,7052000000.0,43488000000.0,16736000000.0
AVGO,2023,2023-10-29,35819000000.0,11129000000.0,14082000000.0,3154000000.0,20847000000.0,2154000000.0,72861000000.0,502000000.0,1592000000.0,7405000000.0,41468000000.0,18085000000.0
AVGO,2024,2024-11-03,51574000000.0,19065000000.0,5895000000.0,4416000000.0,19595000000.0,2521000000.0,165645000000.0,593000000.0,4959000000.0,16697000000.0,81270000000.0,19962000000.0
AVGO,2025,2025-11-02,63887000000.0,20593000000.0,23126000000.0,7145000000.0,31573000000.0,2530000000.0,171092000000.0,574000000.0,4211000000.0,18514000000.0,71286000000.0,27537000000.0
AXON,2019,2019-01-01,,,,,,,732023000.0,,,168461000.0,96238000.0,
AXON,2019,2019-12-31,530860000.0,223574000.0,882000.0,146878000.0,609475000.0,43770000.0,845639000.0,11361000.0,212959000.0,195566000.0,106578000.0,65673000.0
AXON,2020,2020-12-31,681003000.0,264672000.0,-1724000.0,229201000.0,981952000.0,105494000.0,1381023000.0,12475000.0,307286000.0,256331000.0,148437000.0,38481000.0
AXON,2021,2021-12-31,863381000.0,322471000.0,-60018000.0,320819000.0,1109490000.0,138457000.0,1688210000.0,18694000.0,515007000.0,418521000.0,221840000.0,124494000.0
AXON,2022,2022-12-31,1187143000.0,461030000.0,146930000.0,358190000.0,1805278000.0,169843000.0,2851894000.0,23116000.0,399330000.0,602646000.0,980757000.0,235361000.0
AXON,2023,2023-12-31,1560699000.0,605246000.0,175783000.0,412961000.0,2393642000.0,200533000.0,3409174000.0,19315000.0,494884000.0,761539000.0,677113000.0,189263000.0
AXON,2024,2024-03-31,,,,,2200206000.0,,3585486000.0,,,1397283000.0,366323000.0,
AXON,2024,2024-09-30,,,,,2433746000.0,,4005658000.0,,,1502710000.0,403112000.0,
AXON,2024,2024-12-31,2082526000.0,841146000.0,377034000.0,547572000.0,2297481000.0,247324000.0,4474588000.0,48425000.0,741247000.0,1677875000.0,0.0,408312000.0
AXON,2025,2025-12-31,2779536000.0,1121411000.0,124656000.0,777486000.0,3713052000.0,330979000.0,7000313000.0,83161000.0,1035893000.0,1470147000.0,1730170000.0,211339000.0
BKNG,2019,2019-12-31,15066000000.0,,,,9833000000.0,738000000.0,21402000000.0,469000000.0,797000000.0,5366000000.0,7640000000.0,4865000000.0
BKNG,2020,2020-12-31,6796000000.0,,,,12206000000.0,756000000.0,21874000000.0,458000000.0,581000000.0,3425000000.0,11029000000.0,85000000.0
BKNG,2021,2021-12-31,10958000000.0,,,,13145000000.0,822000000.0,23641000000.0,421000000.0,522000000.0,6246000000.0,8937000000.0,2820000000.0
BKNG,2022,2022-12-31,17090000000.0,,,,15798000000.0,669000000.0,25361000000.0,451000000.0,766000000.0,8474000000.0,11985000000.0,6554000000.0
BKNG,2023,2023-12-31,21365000000.0,,,,17034000000.0,784000000.0,24342000000.0,504000000.0,1560000000.0,13330000000.0,12223000000.0,7344000000.0
BKNG,2024,2024-12-31,23739000000.0,,,,20491000000.0,832000000.0,27708000000.0,591000000.0,1036000000.0,15647000000.0,14853000000.0,8323000000.0
BKNG,2025,2025-12-31,26917000000.0,,,,22264000000.0,807000000.0,29264000000.0,623000000.0,857000000.0,16698000000.0,16856000000.0,9409000000.0
BKR,2019,2019-12-31,23838000000.0,19406000000.0,128000000.0,6416000000.0,15222000000.0,6240000000.0,53369000000.0,1418000000.0,2832000000.0,10014000000.0,,2126000000.0
BKR,2020,2020-12-31,20705000000.0,,-9940000000.0,5622000000.0,16455000000.0,5358000000.0,38007000000.0,1317000000.0,2404000000.0,10227000000.0,,1304000000.0
BKR,2021,2021-12-31,20502000000.0,,-219000000.0,5651000000.0,15065000000.0,4877000000.0,35308000000.0,1105000000.0,2470000000.0,9128000000.0,,2374000000.0
BKR,2022,2022-12-31,21156000000.0,,-601000000.0,5958000000.0,14592000000.0,4538000000.0,34181000000.0,1061000000.0,2510000000.0,11075000000.0,,1888000000.0
BKR,2023,2023-12-31,25506000000.0,,1943000000.0,7075000000.0,16301000000.0,4893000000.0,36945000000.0,1087000000.0,2611000000.0,12991000000.0,,3062000000.0
BKR,2024,2024-12-31,27829000000.0,,2979000000.0,7122000000.0,17211000000.0,5127000000.0,38363000000.0,1136000000.0,2458000000.0,12991000000.0,,3332000000.0
BKR,2025,2025-12-31,27733000000.0,,2588000000.0,6641000000.0,18828000000.0,5326000000.0,40881000000.0,1188000000.0,2387000000.0,13877000000.0,,3810000000.0
CDNS,2019,2019-12-28,2336319000.0,,988979000.0,304546000.0,1169343000.0,275855000.0,3357225000.0,122789000.0,139806000.0,672391000.0,,729600000.0
CDNS,2021,2021-01-02,2682891000.0,,590644000.0,338487000.0,1478587000.0,311125000.0,3950785000.0,145653000.0,154425000.0,796808000.0,,904922000.0
CDNS,2022,2022-01-01,2988244000.0,,695955000.0,337596000.0,1715769000.0,305911000.0,4386299000.0,142308000.0,189018000.0,971225000.0,,1100958000.0
CDNS,2022,2022-12-31,3561718000.0,,848952000.0,486710000.0,1706767000.0,371451000.0,5137071000.0,132088000.0,242116000.0,1347696000.0,,1241894000.0
CDNS,2023,2023-12-31,4089986000.0,,1041144000.0,489224000.0,1976217000.0,403213000.0,5669491000.0,145292000.0,242430000.0,1590867000.0,,1349176000.0
CDNS,2024,2024-12-31,4641264000.0,,1055484000.0,680460000.0,4016079000.0,458200000.0,8974482000.0,196935000.0,273961000.0,1370105000.0,,1260551000.0
CDNS,2025,2025-12-31,5296759000.0,,1108888000.0,944939000.0,4669673000.0,517004000.0,10153148000.0,227828000.0,313387000.0,1635291000.0,,1728781000.0
CMCSA,2019,2019-12-31,108942000000.0,,13057000000.0,11292000000.0,25392000000.0,48322000000.0,263414000000.0,12953000000.0,,30292000000.0,,25697000000.0
CMCSA,2020,2020-12-31,103564000000.0,,10534000000.0,11466000000.0,26741000000.0,51995000000.0,273869000000.0,13100000000.0,,28796000000.0,,24737000000.0
CMCSA,2021,2021-12-31,116385000000.0,,14159000000.0,12008000000.0,24807000000.0,54047000000.0,275905000000.0,13804000000.0,,29348000000.0,,29146000000.0
CMCSA,2022,2022-12-31,121427000000.0,,5370000000.0,12672000000.0,21826000000.0,55485000000.0,257275000000.0,13821000000.0,,27887000000.0,,26413000000.0
CMCSA,2023,2023-12-31,121572000000.0,,15388000000.0,13813000000.0,23987000000.0,59686000000.0,264811000000.0,14336000000.0,,40198000000.0,,28501000000.0
CMCSA,2024,2024-12-31,123731000000.0,,16192000000.0,13661000000.0,26801000000.0,62548000000.0,266211000000.0,14802000000.0,,39581000000.0,,27673000000.0
CMCSA,2025,2025-12-31,123707000000.0,,19998000000.0,13869000000.0,29567000000.0,65680000000.0,272631000000.0,16210000000.0,,33524000000.0,,33643000000.0
CPRT,2019,2019-07-31,,255504000.0,591693000.0,367265000.0,687167000.0,1427726000.0,2547617000.0,84895000.0,181867000.0,282004000.0,400000000.0,646646000.0
CPRT,2020,2020-07-31,,,699907000.0,350207000.0,963759000.0,1941719000.0,3455261000.0,101390000.0,191703000.0,356044000.0,400000000.0,917885000.0
CPRT,2021,2021-07-31,,,936495000.0,480628000.0,1702611000.0,2296624000.0,4562143000.0,121971000.0,206665000.0,421031000.0,400000000.0,990891000.0
CPRT,2022,2022-07-31,,,1090130000.0,578573000.0,2202455000.0,2485764000.0,5308864000.0,137985000.0,231224000.0,440889000.0,0.0,1176683000.0
CPRT,2023,2023-07-31,,,1237741000.0,702038000.0,3262604000.0,2844339000.0,6737879000.0,159478000.0,250422000.0,492769000.0,11006000.0,1364210000.0
CPRT,2024,2024-07-31,,,1363020000.0,785877000.0,4418184000.0,3175838000.0,8427764000.0,189761000.0,335229000.0,628567000.0,250642000.0,1472564000.0
CPRT,2025,2025-07-31,,,1552449000.0,762811000.0,5754628000.0,3598093000.0,10090902000.0,215849000.0,402929000.0,683281000.0,200130000.0,1799750000.0
CRWD,2019,2019-01-31,,87238000.0,-140077000.0,92476000.0,331388000.0,73735000.0,433219000.0,,42217000.0,281420000.0,81680000.0,-22968000.0
CRWD,2020,2020-01-31,,141627000.0,-141779000.0,164987000.0,1171636000.0,136078000.0,1404906000.0,,89068000.0,493096000.0,0.0,99943000.0
CRWD,2021,2021-01-31,,229545000.0,-92629000.0,239199000.0,2292274000.0,167014000.0,2732533000.0,,121436000.0,863553000.0,738029000.0,356566000.0
CRWD,2022,2022-01-31,,383221000.0,-234802000.0,368145000.0,2570952000.0,260577000.0,3618381000.0,,223092000.0,1406830000.0,739517000.0,574784000.0
CRWD,2023,2023-01-31,,601231000.0,-183245000.0,626181000.0,3640267000.0,492335000.0,5026540000.0,,317344000.0,2109072000.0,741005000.0,941007000.0
CRWD,2024,2024-01-31,,758929000.0,72181000.0,853105000.0,4757307000.0,620172000.0,6646520000.0,,395173000.0,2697279000.0,742494000.0,1166207000.0
CRWD,2025,2025-01-31,,990172000.0,-15241000.0,1128564000.0,6113345000.0,788640000.0,8701578000.0,,481264000.0,3461050000.0,743983000.0,1381727000.0
CRWD,2026,2026-01-31,,1218929000.0,-162502000.0,1361844000.0,7419119000.0,976331000.0,11086684000.0,,670344000.0,4184192000.0,745471000.0,1612349000.0
CSCO,2019,2019-07-27,51904000000.0,19238000000.0,11621000000.0,5491000000.0,47755000000.0,2789000000.0,97793000000.0,1000000000.0,1827000000.0,31712000000.0,14475000000.0,15831000000.0
CSCO,2020,2020-07-25,49301000000.0,17618000000.0,11214000000.0,5472000000.0,43573000000.0,2453000000.0,94853000000.0,900000000.0,1925000000.0,25331000000.0,11578000000.0,15426000000.0
CSCO,2021,2021-07-31,49818000000.0,17924000000.0,10591000000.0,5766000000.0,39112000000.0,2338000000.0,97497000000.0,800000000.0,2152000000.0,26257000000.0,9018000000.0,15454000000.0
CSCO,2022,2022-07-30,51557000000.0,19309000000.0,11812000000.0,6622000000.0,36717000000.0,1997000000.0,94002000000.0,800000000.0,2101000000.0,25640000000.0,8416000000.0,13226000000.0
CSCO,2023,2023-07-29,56998000000.0,21245000000.0,12613000000.0,5854000000.0,43348000000.0,2085000000.0,101852000000.0,700000000.0,2478000000.0,31309000000.0,6658000000.0,19886000000.0
CSCO,2024,2024-07-27,53803000000.0,18975000000.0,10320000000.0,6685000000.0,36862000000.0,2090000000.0,124413000000.0,700000000.0,2813000000.0,40584000000.0,19621000000.0,10880000000.0
CSCO,2025,2025-07-26,56654000000.0,19864000000.0,10180000000.0,6701000000.0,34986000000.0,2113000000.0,122291000000.0,700000000.0,2992000000.0,35064000000.0,22861000000.0,14193000000.0
CTAS,2019,2019-05-31,6892303000.0,3763715000.0,884981000.0,910120000.0,2236280000.0,1430685000.0,7436662000.0,360093000.0,1980644000.0,1127733000.0,2537507000.0,1067862000.0
CTAS,2020,2020-05-31,7085120000.0,3851372000.0,876037000.0,870369000.0,2309699000.0,1403065000.0,7669885000.0,379053000.0,2071052000.0,885195000.0,2539705000.0,1291483000.0
CTAS,2021,2021-05-31,7116340000.0,3801689000.0,1110968000.0,901710000.0,2843309000.0,1318438000.0,8236823000.0,387951000.0,1929159000.0,1934085000.0,1642833000.0,1360740000.0
CTAS,2022,2022-05-31,7854459000.0,4222213000.0,1235757000.0,1006220000.0,2631983000.0,1323673000.0,8147256000.0,399701000.0,2044876000.0,1432890000.0,2483932000.0,1537625000.0
CTAS,2023,2023-05-31,8815769000.0,4642401000.0,1348010000.0,1152993000.0,2938459000.0,1396476000.0,8546356000.0,409162000.0,2370704000.0,1230062000.0,2486405000.0,1586228000.0
CTAS,2024,2024-05-31,9596615000.0,4910199000.0,1571592000.0,1244182000.0,3185207000.0,1534168000.0,9168817000.0,442384000.0,2617783000.0,1828519000.0,2025934000.0,2068500000.0
CTAS,2025,2025-05-31,10340181000.0,5166017000.0,1812281000.0,1417381000.0,3436169000.0,1652474000.0,9825241000.0,494183000.0,2814438000.0,1644502000.0,2424999000.0,2165905000.0
DDOG,2019,2019-12-31,362780000.0,88949000.0,-16710000.0,102394000.0,903942000.0,32749000.0,1038041000.0,11600000.0,35889000.0,200239000.0,55461000.0,24234000.0
DDOG,2020,2020-12-31,603466000.0,130197000.0,-24547000.0,163359000.0,1718080000.0,47197000.0,1890285000.0,14500000.0,62756000.0,297844000.0,635009000.0,109091000.0
DDOG,2021,2021-12-31,1028784000.0,234245000.0,-20745000.0,268824000.0,1870948000.0,75152000.0,2380794000.0,18500000.0,94429000.0,528696000.0,810895000.0,286545000.0
DDOG,2022,2022-12-31,1675100000.0,346743000.0,-50160000.0,399551000.0,2344234000.0,125346000.0,3004852000.0,27000000.0,139413000.0,759748000.0,834599000.0,418407000.0
DDOG,2023,2023-12-31,2128359000.0,409908000.0,48568000.0,509279000.0,3178137000.0,171872000.0,3936072000.0,35600000.0,180192000.0,1003052000.0,907666000.0,659954000.0
DDOG,2024,2024-12-31,2684275000.0,515531000.0,183746000.0,598919000.0,4911115000.0,226970000.0,5785339000.0,48500000.0,205152000.0,1862713000.0,1208263000.0,870603000.0
DDOG,2025,2025-12-31,3427158000.0,686957000.0,107741000.0,741262000.0,5382280000.0,338093000.0,6643844000.0,49200000.0,279700000.0,1591401000.0,1320237000.0,1050135000.0
DLTR,2019,2019-02-02,22823300000.0,15875800000.0,-1590800000.0,100900000.0,4293300000.0,3445300000.0,13501200000.0,621100000.0,5160000000.0,2095700000.0,4265300000.0,1766000000.0
DLTR,2020,2020-02-01,23610800000.0,16570100000.0,827000000.0,113300000.0,4269400000.0,3881800000.0,19574600000.0,645400000.0,5465500000.0,3546500000.0,3522200000.0,1869800000.0
DLTR,2021,2021-01-30,25508400000.0,17721000000.0,1341900000.0,,5050800000.0,4116300000.0,20696000000.0,686600000.0,5900400000.0,3730300000.0,3226200000.0,2716300000.0
DLTR,2022,2022-01-29,26309800000.0,18583900000.0,1327900000.0,,5609200000.0,4477300000.0,21721800000.0,716000000.0,5925900000.0,4176600000.0,3417000000.0,1431500000.0
DLTR,2023,2023-01-28,15405700000.0,9630200000.0,1615400000.0,,6367100000.0,4972200000.0,23022100000.0,365300000.0,3682000000.0,4225200000.0,3421600000.0,1614800000.0
DLTR,2024,2024-02-03,16770300000.0,10761400000.0,-998400000.0,,6132700000.0,3822100000.0,22023500000.0,400500000.0,4245200000.0,4696700000.0,3426300000.0,2684500000.0
DLTR,2025,2025-02-01,17565800000.0,11284100000.0,-3030100000.0,,9107200000.0,4499300000.0,18644000000.0,526900000.0,4832400000.0,8585900000.0,2431200000.0,2193300000.0
DLTR,2026,2026-01-31,19395700000.0,12345000000.0,1282500000.0,,3446200000.0,4959600000.0,13466200000.0,648100000.0,5468600000.0,3228600000.0,2431700000.0,2190700000.0
DXCM,2019,2019-12-31,1476000000.0,544500000.0,101100000.0,286300000.0,1969400000.0,321300000.0,2395000000.0,48700000.0,515700000.0,360200000.0,1152200000.0,314500000.0
DXCM,2020,2020-12-31,1926700000.0,646600000.0,549700000.0,428500000.0,3424800000.0,515300000.0,4290500000.0,67100000.0,618200000.0,614100000.0,1849900000.0,475600000.0
DXCM,2021,2021-12-31,2448500000.0,768000000.0,216900000.0,514300000.0,3684400000.0,801800000.0,4933300000.0,102000000.0,810500000.0,720800000.0,2170400000.0,442500000.0
DXCM,2022,2022-12-31,2909800000.0,1026700000.0,341200000.0,713300000.0,3668800000.0,,5391700000.0,155900000.0,1007700000.0,1839300000.0,1420600000.0,669500000.0
DXCM,2023,2023-12-31,3622300000.0,1333400000.0,541500000.0,973900000.0,4425900000.0,,6264500000.0,186000000.0,1185400000.0,1556000000.0,2639900000.0,748500000.0
DXCM,2024,2024-12-31,4033000000.0,1594800000.0,576200000.0,1005700000.0,4301400000.0,,6484500000.0,217700000.0,1285800000.0,2932000000.0,1449900000.0,989500000.0
DXCM,2025,2025-12-31,4662000000.0,1860100000.0,836300000.0,1216100000.0,4033300000.0,,6339900000.0,251800000.0,1291000000.0,2142500000.0,1451400000.0,1440700000.0
EA,2019,2019-03-31,4950000000.0,1322000000.0,1019000000.0,623000000.0,6381000000.0,448000000.0,8957000000.0,145000000.0,460000000.0,2265000000.0,1361000000.0,1547000000.0
EA,2020,2020-03-31,5537000000.0,1369000000.0,3039000000.0,461000000.0,6517000000.0,449000000.0,11112000000.0,150000000.0,506000000.0,2664000000.0,987000000.0,1797000000.0
EA,2021,2021-03-31,5629000000.0,1494000000.0,837000000.0,521000000.0,7213000000.0,491000000.0,13288000000.0,181000000.0,592000000.0,2964000000.0,2484000000.0,1934000000.0
EA,2022,2022-03-31,6991000000.0,1859000000.0,789000000.0,650000000.0,4151000000.0,550000000.0,13800000000.0,486000000.0,673000000.0,3513000000.0,2662000000.0,1899000000.0
EA,2023,2023-03-31,7426000000.0,1792000000.0,802000000.0,684000000.0,3969000000.0,549000000.0,13459000000.0,536000000.0,727000000.0,3285000000.0,2881000000.0,1550000000.0
EA,2024,2024-03-31,7562000000.0,1710000000.0,1273000000.0,565000000.0,4247000000.0,578000000.0,13420000000.0,404000000.0,691000000.0,3090000000.0,2817000000.0,2315000000.0
EA,2025,2025-03-31,7463000000.0,1543000000.0,1121000000.0,679000000.0,3276000000.0,586000000.0,12368000000.0,356000000.0,745000000.0,3459000000.0,2523000000.0,2079000000.0
EA,2026,2026-03-31,7531000000.0,1584000000.0,887000000.0,632000000.0,3973000000.0,613000000.0,13131000000.0,323000000.0,763000000.0,3797000000.0,2570000000.0,2553000000.0
EXC,2019,2019-12-31,34438000000.0,,3028000000.0,4592000000.0,12037000000.0,80233000000.0,124977000000.0,4252000000.0,,14185000000.0,31329000000.0,6659000000.0
EXC,2020,2020-12-31,16663000000.0,,1954000000.0,3231000000.0,12562000000.0,82584000000.0,129317000000.0,2891000000.0,,12771000000.0,35093000000.0,4235000000.0
EXC,2021,2021-12-31,17938000000.0,,1829000000.0,1869000000.0,13957000000.0,64558000000.0,133013000000.0,3033000000.0,,16111000000.0,30749000000.0,3012000000.0
EXC,2022,2022-12-31,19078000000.0,,2171000000.0,2217000000.0,7336000000.0,69076000000.0,95349000000.0,3325000000.0,,10611000000.0,35272000000.0,4870000000.0
EXC,2023,2023-12-31,21727000000.0,,2328000000.0,2342000000.0,8087000000.0,73593000000.0,101856000000.0,3506000000.0,,9901000000.0,41279000000.0,4703000000.0
EXC,2024,2024-12-31,23028000000.0,,2460000000.0,2738000000.0,8384000000.0,78182000000.0,107784000000.0,3596000000.0,,9611000000.0,44668000000.0,5569000000.0
EXC,2025,2025-12-31,24258000000.0,,2768000000.0,3297000000.0,9546000000.0,84318000000.0,116570000000.0,3643000000.0,,10331000000.0,49428000000.0,6254000000.0
FANG,2019,2019-12-31,3887000000.0,,240000000.0,429000000.0,869000000.0,21835000000.0,23531000000.0,1454000000.0,104000000.0,1263000000.0,5371000000.0,2739000000.0
FANG,2020,2020-12-31,2756000000.0,,-4517000000.0,281000000.0,602000000.0,16214000000.0,17619000000.0,1311000000.0,88000000.0,1236000000.0,5624000000.0,2118000000.0
FANG,2021,2021-12-31,6747000000.0,,2182000000.0,598000000.0,1446000000.0,20619000000.0,22898000000.0,1275000000.0,146000000.0,1438000000.0,6642000000.0,3944000000.0
FANG,2022,2022-12-31,9566000000.0,,4386000000.0,618000000.0,1392000000.0,23759000000.0,26209000000.0,1344000000.0,144000000.0,1716000000.0,6238000000.0,6325000000.0
FANG,2023,2023-12-31,8412000000.0,,3143000000.0,654000000.0,1621000000.0,26674000000.0,29001000000.0,1746000000.0,150000000.0,2108000000.0,6641000000.0,5920000000.0
FANG,2024,2024-12-31,11066000000.0,,3338000000.0,1387000000.0,2110000000.0,64472000000.0,67292000000.0,2850000000.0,213000000.0,4811000000.0,12075000000.0,6413000000.0
FANG,2025,2025-12-31,15026000000.0,,1664000000.0,1128000000.0,1915000000.0,68621000000.0,71059000000.0,5038000000.0,288000000.0,4600000000.0,13726000000.0,8758000000.0
FAST,2019,2019-12-31,5333700000.0,2818300000.0,790900000.0,741800000.0,2457200000.0,1023200000.0,3799900000.0,144600000.0,1458200000.0,544700000.0,342000000.0,842700000.0
FAST,2020,2020-12-31,5647300000.0,3079500000.0,859100000.0,769400000.0,2499600000.0,1030700000.0,3964700000.0,153300000.0,1426000000.0,612700000.0,365000000.0,1101800000.0
FAST,2021,2021-12-31,6010900000.0,3233700000.0,925000000.0,900200000.0,2856600000.0,1019200000.0,4299000000.0,159900000.0,1559800000.0,682200000.0,330000000.0,770100000.0
FAST,2022,2022-12-31,6980600000.0,3764800000.0,1086900000.0,1013200000.0,3124800000.0,1010000000.0,4548600000.0,176600000.0,1762200000.0,789800000.0,353200000.0,941000000.0
FAST,2023,2023-12-31,7346700000.0,3992200000.0,1155000000.0,1087600000.0,3020900000.0,1011100000.0,4462900000.0,177300000.0,1825800000.0,661300000.0,200000000.0,1432700000.0
FAST,2024,2024-12-31,7546000000.0,4144100000.0,1150600000.0,1108600000.0,3211900000.0,1056600000.0,4698000000.0,175400000.0,1891900000.0,687100000.0,125000000.0,1173300000.0
FAST,2025,2025-12-31,8200500000.0,4509300000.0,1258400000.0,1245300000.0,3472100000.0,1131600000.0,5052900000.0,179200000.0,2035500000.0,715600000.0,100000000.0,1295900000.0
FTNT,2019,2019-12-31,2163000000.0,505900000.0,331700000.0,544300000.0,2769000000.0,344300000.0,3879200000.0,61600000.0,102100000.0,1455800000.0,1081000000.0,808000000.0
FTNT,2020,2020-12-31,2594400000.0,570000000.0,488500000.0,720000000.0,2740400000.0,448000000.0,4044500000.0,68800000.0,119500000.0,1829500000.0,0.0,1083700000.0
FTNT,2021,2021-12-31,3342200000.0,783000000.0,606800000.0,807700000.0,3600600000.0,687600000.0,5919100000.0,84400000.0,143500000.0,2318100000.0,988400000.0,1499700000.0
FTNT,2022,2022-12-31,4417400000.0,1084900000.0,857300000.0,1261700000.0,3810400000.0,898500000.0,6228000000.0,104300000.0,169000000.0,3078400000.0,990400000.0,1730600000.0
FTNT,2023,2023-12-31,5304800000.0,1237200000.0,1147800000.0,1402000000.0,4428300000.0,1044400000.0,7258900000.0,113400000.0,211300000.0,3719000000.0,992300000.0,1935500000.0
FTNT,2024,2024-12-31,5955800000.0,1157600000.0,1745200000.0,1463400000.0,5971500000.0,1349500000.0,9763100000.0,122800000.0,237800000.0,4060700000.0,994300000.0,2258100000.0
FTNT,2025,2025-12-31,6799600000.0,1328900000.0,1853400000.0,1691200000.0,5900200000.0,1619000000.0,10389200000.0,152000000.0,233400000.0,5034000000.0,496600000.0,2590600000.0
GEV,2022,2022-12-31,29654000000.0,26196000000.0,-2736000000.0,,,,,779000000.0,5360000000.0,,,-114000000.0
GEV,2023,2023-12-31,33239000000.0,28421000000.0,-438000000.0,,27428000000.0,,46121000000.0,724000000.0,4845000000.0,29306000000.0,8435000000.0,1186000000.0
GEV,2024,2024-12-31,34935000000.0,28850000000.0,1552000000.0,8177000000.0,34153000000.0,,51485000000.0,895000000.0,4632000000.0,31685000000.0,9207000000.0,2583000000.0
GEV,2025,2025-12-31,38068000000.0,30533000000.0,4884000000.0,9803000000.0,40216000000.0,,63016000000.0,615000000.0,4949000000.0,40972000000.0,9748000000.0,4987000000.0
GILD,2019,2019-12-31,22449000000.0,4675000000.0,5386000000.0,3582000000.0,30296000000.0,4502000000.0,61627000000.0,255000000.0,4381000000.0,9759000000.0,22094000000.0,9144000000.0
GILD,2020,2020-12-31,24689000000.0,4572000000.0,123000000.0,4892000000.0,15996000000.0,4967000000.0,68407000000.0,288000000.0,5151000000.0,11397000000.0,28645000000.0,8168000000.0
GILD,2021,2021-12-31,27305000000.0,6601000000.0,6225000000.0,4493000000.0,14772000000.0,5121000000.0,67952000000.0,329000000.0,5246000000.0,11610000000.0,25179000000.0,11384000000.0
GILD,2022,2022-12-31,27281000000.0,5657000000.0,4592000000.0,4777000000.0,14443000000.0,5475000000.0,63171000000.0,323000000.0,5673000000.0,11237000000.0,22957000000.0,9072000000.0
GILD,2023,2023-12-31,27116000000.0,6498000000.0,5665000000.0,4660000000.0,16085000000.0,5317000000.0,62125000000.0,354000000.0,6090000000.0,11280000000.0,23189000000.0,8006000000.0
GILD,2024,2024-12-31,28754000000.0,6251000000.0,480000000.0,4420000000.0,19173000000.0,5414000000.0,58995000000.0,381000000.0,6091000000.0,12004000000.0,24896000000.0,10828000000.0
GILD,2025,2025-12-31,29443000000.0,6234000000.0,8510000000.0,4913000000.0,18342000000.0,5606000000.0,59023000000.0,370000000.0,5774000000.0,11813000000.0,22129000000.0,10019000000.0
GOOG,2019,2019-12-31,161857000000.0,71896000000.0,34343000000.0,25326000000.0,152578000000.0,73646000000.0,275909000000.0,,9551000000.0,45221000000.0,3958000000.0,54520000000.0
GOOG,2020,2020-12-31,182527000000.0,84732000000.0,40269000000.0,30930000000.0,174296000000.0,84749000000.0,319616000000.0,,11052000000.0,56834000000.0,15319000000.0,65124000000.0
GOOG,2021,2021-12-31,257637000000.0,110939000000.0,76033000000.0,39304000000.0,188143000000.0,97599000000.0,359268000000.0,10273000000.0,13510000000.0,64254000000.0,15440000000.0,91652000000.0
GOOG,2022,2022-12-31,282836000000.0,126203000000.0,59972000000.0,40258000000.0,164795000000.0,112668000000.0,365264000000.0,13475000000.0,15724000000.0,69300000000.0,15312000000.0,91495000000.0
GOOG,2023,2023-12-31,307394000000.0,133332000000.0,73795000000.0,47964000000.0,171530000000.0,134345000000.0,402392000000.0,11946000000.0,16425000000.0,81814000000.0,11870000000.0,101746000000.0
GOOG,2024,2024-12-31,350018000000.0,146306000000.0,100118000000.0,52340000000.0,163711000000.0,171036000000.0,450256000000.0,15311000000.0,14188000000.0,89122000000.0,10883000000.0,125299000000.0
GOOG,2025,2025-12-31,402836000000.0,162535000000.0,132170000000.0,62886000000.0,206038000000.0,,595281000000.0,21136000000.0,21482000000.0,102745000000.0,46547000000.0,164713000000.0
GOOGL,2019,2019-12-31,161857000000.0,71896000000.0,34343000000.0,25326000000.0,152578000000.0,73646000000.0,275909000000.0,,9551000000.0,45221000000.0,3958000000.0,54520000000.0
GOOGL,2020,2020-12-31,182527000000.0,84732000000.0,40269000000.0,30930000000.0,174296000000.0,84749000000.0,319616000000.0,,11052000000.0,56834000000.0,15319000000.0,65124000000.0
GOOGL,2021,2021-12-31,257637000000.0,110939000000.0,76033000000.0,39304000000.0,188143000000.0,97599000000.0,359268000000.0,10273000000.0,13510000000.0,64254000000.0,15440000000.0,91652000000.0
GOOGL,2022,2022-12-31,282836000000.0,126203000000.0,59972000000.0,40258000000.0,164795000000.0,112668000000.0,365264000000.0,13475000000.0,15724000000.0,69300000000.0,15312000000.0,91495000000.0
GOOGL,2023,2023-12-31,307394000000.0,133332000000.0,73795000000.0,47964000000.0,171530000000.0,134345000000.0,402392000000.0,11946000000.0,16425000000.0,81814000000.0,11870000000.0,101746000000.0
GOOGL,2024,2024-12-31,350018000000.0,146306000000.0,100118000000.0,52340000000.0,163711000000.0,171036000000.0,450256000000.0,15311000000.0,14188000000.0,89122000000.0,10883000000.0,125299000000.0
GOOGL,2025,2025-12-31,402836000000.0,162535000000.0,132170000000.0,62886000000.0,206038000000.0,,595281000000.0,21136000000.0,21482000000.0,102745000000.0,46547000000.0,164713000000.0
HON,2019,2019-12-31,36709000000.0,24339000000.0,6143000000.0,7493000000.0,24303000000.0,5325000000.0,58679000000.0,1088000000.0,5519000000.0,18098000000.0,12486000000.0,6897000000.0
HON,2020,2020-12-31,32637000000.0,22169000000.0,4779000000.0,6827000000.0,28175000000.0,5570000000.0,64586000000.0,1003000000.0,4772000000.0,19197000000.0,18787000000.0,6208000000.0
HON,2021,2021-12-31,34392000000.0,22061000000.0,5542000000.0,6830000000.0,25372000000.0,5562000000.0,64470000000.0,1138000000.0,4798000000.0,19508000000.0,16057000000.0,6038000000.0
HON,2022,2022-12-31,35466000000.0,22347000000.0,4966000000.0,7440000000.0,24982000000.0,5471000000.0,62275000000.0,1204000000.0,5214000000.0,19938000000.0,16853000000.0,5274000000.0
HON,2023,2023-12-31,33009000000.0,20637000000.0,5658000000.0,7530000000.0,23502000000.0,,61525000000.0,1004000000.0,4887000000.0,18539000000.0,18358000000.0,5340000000.0
HON,2024,2024-12-31,34717000000.0,21360000000.0,5705000000.0,7247000000.0,27908000000.0,,75196000000.0,1153000000.0,5235000000.0,21256000000.0,27265000000.0,6097000000.0
HON,2025,2025-12-31,37442000000.0,23613000000.0,4729000000.0,7621000000.0,30387000000.0,,73681000000.0,1388000000.0,5450000000.0,23414000000.0,29046000000.0,6408000000.0
IDXX,2019,2019-01-01,,,,,653180000.0,,1620064000.0,,,784220000.0,845077000.0,
IDXX,2019,2019-12-31,2406908000.0,1041359000.0,427720000.0,269312000.0,679639000.0,533845000.0,1832475000.0,88011000.0,261317000.0,725337000.0,698910000.0,459158000.0
IDXX,2020,2020-12-31,2706655000.0,1135615000.0,581776000.0,331429000.0,1062738000.0,555167000.0,2294561000.0,95998000.0,300832000.0,582761000.0,858492000.0,648063000.0
IDXX,2021,2021-12-31,3215360000.0,1325928000.0,744845000.0,368348000.0,955655000.0,587667000.0,2437203000.0,104596000.0,309660000.0,763579000.0,775205000.0,755546000.0
IDXX,2022,2022-12-31,3367324000.0,1362986000.0,679089000.0,400619000.0,1101477000.0,649474000.0,2746765000.0,111900000.0,326248000.0,1235803000.0,694387000.0,542984000.0
IDXX,2023,2023-12-31,3660953000.0,1470983000.0,845042000.0,457445000.0,1495254000.0,702177000.0,3259925000.0,114908000.0,335825000.0,951547000.0,622883000.0,906510000.0
IDXX,2024,2024-12-31,3897504000.0,1518577000.0,887867000.0,473575000.0,1399897000.0,713123000.0,3293443000.0,129936000.0,442291000.0,1067916000.0,449786000.0,929001000.0
IDXX,2025,2025-12-31,4303702000.0,1644123000.0,1059464000.0,552378000.0,1413827000.0,747380000.0,3350759000.0,145183000.0,404794000.0,1148814000.0,374842000.0,1181805000.0
ILMN,2019,2019-01-01,,,,,,834000000.0,,,,,,
ILMN,2019,2019-12-29,3543000000.0,1076000000.0,1002000000.0,573000000.0,4451000000.0,889000000.0,7316000000.0,188000000.0,835000000.0,665000000.0,1141000000.0,1051000000.0
ILMN,2021,2021-01-03,3239000000.0,1036000000.0,656000000.0,487000000.0,4483000000.0,922000000.0,7585000000.0,187000000.0,941000000.0,1244000000.0,673000000.0,1080000000.0
ILMN,2022,2022-01-02,4526000000.0,1372000000.0,762000000.0,648000000.0,2713000000.0,1024000000.0,15217000000.0,251000000.0,2092000000.0,1093000000.0,,545000000.0
ILMN,2023,2023-01-01,4584000000.0,1612000000.0,-4404000000.0,671000000.0,3561000000.0,1091000000.0,12252000000.0,394000000.0,1297000000.0,2773000000.0,,392000000.0
ILMN,2023,2023-12-31,4504000000.0,1760000000.0,-1161000000.0,734000000.0,2609000000.0,1007000000.0,10111000000.0,432000000.0,1612000000.0,1570000000.0,,478000000.0
ILMN,2024,2024-12-29,4372000000.0,1511000000.0,-1223000000.0,735000000.0,2746000000.0,815000000.0,6303000000.0,354000000.0,1092000000.0,1547000000.0,,837000000.0
ILMN,2025,2025-12-28,4343000000.0,1473000000.0,850000000.0,854000000.0,3289000000.0,759000000.0,6644000000.0,270000000.0,1086000000.0,1585000000.0,,1079000000.0
INTC,2019,2019-12-28,71965000000.0,29825000000.0,21048000000.0,7659000000.0,31239000000.0,55386000000.0,136524000000.0,9204000000.0,6350000000.0,22310000000.0,25308000000.0,33145000000.0
INTC,2020,2020-12-26,77867000000.0,34255000000.0,20899000000.0,6782000000.0,47249000000.0,56584000000.0,153091000000.0,10482000000.0,6180000000.0,24754000000.0,33897000000.0,35864000000.0
INTC,2021,2021-12-25,79024000000.0,35209000000.0,19868000000.0,9457000000.0,58558000000.0,63245000000.0,168406000000.0,9953000000.0,6543000000.0,27462000000.0,33510000000.0,29456000000.0
INTC,2022,2022-12-31,63054000000.0,36188000000.0,8014000000.0,4133000000.0,50407000000.0,80860000000.0,182103000000.0,11128000000.0,7002000000.0,32155000000.0,37684000000.0,15433000000.0
INTC,2023,2023-12-30,54228000000.0,32517000000.0,1689000000.0,3402000000.0,43269000000.0,,191572000000.0,7847000000.0,5634000000.0,28053000000.0,46978000000.0,11471000000.0
INTC,2024,2024-12-28,53101000000.0,35756000000.0,-18756000000.0,3478000000.0,47324000000.0,,196485000000.0,9951000000.0,5507000000.0,35666000000.0,46282000000.0,8288000000.0
INTC,2025,2025-12-27,52853000000.0,34478000000.0,-267000000.0,3839000000.0,63688000000.0,,211429000000.0,10757000000.0,4624000000.0,31575000000.0,44086000000.0,9697000000.0
INTU,2019,2019-07-31,6784000000.0,,1557000000.0,87000000.0,3594000000.0,780000000.0,6283000000.0,199000000.0,597000000.0,1966000000.0,386000000.0,2324000000.0
INTU,2020,2020-07-31,7679000000.0,,1826000000.0,149000000.0,7980000000.0,734000000.0,10931000000.0,189000000.0,679000000.0,3529000000.0,2031000000.0,2414000000.0
INTU,2021,2021-07-31,9633000000.0,,2062000000.0,391000000.0,5157000000.0,780000000.0,15516000000.0,166000000.0,982000000.0,2655000000.0,2034000000.0,3250000000.0
INTU,2022,2022-07-31,12726000000.0,,2066000000.0,446000000.0,5047000000.0,888000000.0,27734000000.0,187000000.0,1460000000.0,3630000000.0,6415000000.0,3889000000.0
INTU,2023,2023-07-31,14368000000.0,,2384000000.0,405000000.0,5557000000.0,969000000.0,27780000000.0,160000000.0,1300000000.0,3790000000.0,6120000000.0,5046000000.0
INTU,2024,2024-07-31,16285000000.0,,2963000000.0,457000000.0,9678000000.0,1009000000.0,32132000000.0,159000000.0,1418000000.0,7491000000.0,5539000000.0,4884000000.0
INTU,2025,2025-07-31,18831000000.0,,3869000000.0,530000000.0,14107000000.0,961000000.0,36958000000.0,172000000.0,1601000000.0,10370000000.0,5973000000.0,6207000000.0
ISRG,2019,2019-12-31,4478500000.0,1368300000.0,1379300000.0,645200000.0,4662600000.0,1272900000.0,9733200000.0,157000000.0,1178400000.0,1030200000.0,418300000.0,1598200000.0
ISRG,2020,2020-12-31,4358400000.0,1497200000.0,1060600000.0,645500000.0,6625900000.0,1577300000.0,11168900000.0,221000000.0,1216300000.0,965200000.0,444600000.0,1484800000.0
ISRG,2021,2021-12-31,5710100000.0,1751600000.0,1704600000.0,782700000.0,5844900000.0,1876400000.0,13555000000.0,280000000.0,1466500000.0,1149800000.0,453700000.0,2089400000.0
ISRG,2022,2022-12-31,6222200000.0,2026200000.0,1322300000.0,942100000.0,6253000000.0,2374200000.0,12974000000.0,326000000.0,1739900000.0,1422100000.0,439300000.0,1490800000.0
ISRG,2023,2023-12-31,7124100000.0,2394600000.0,1798000000.0,1130200000.0,7888000000.0,3537600000.0,15441500000.0,382000000.0,1963900000.0,1658700000.0,385500000.0,1813800000.0
ISRG,2024,2024-12-31,8352100000.0,2717900000.0,2322600000.0,1225400000.0,7111000000.0,4646600000.0,18743200000.0,439000000.0,2140000000.0,1745300000.0,468300000.0,2415000000.0
ISRG,2025,2025-12-31,10064700000.0,3422400000.0,2856000000.0,1527300000.0,9779500000.0,5342400000.0,20458700000.0,600000000.0,2385000000.0,2006200000.0,510800000.0,3030500000.0
KDP,2019,2019-12-31,11120000000.0,4778000000.0,1254000000.0,1115000000.0,2273000000.0,2028000000.0,49518000000.0,358000000.0,3962000000.0,6474000000.0,12827000000.0,2474000000.0
KDP,2020,2020-12-31,11618000000.0,5132000000.0,1325000000.0,1048000000.0,2388000000.0,2212000000.0,49779000000.0,362000000.0,3978000000.0,7694000000.0,11143000000.0,2456000000.0
KDP,2021,2021-12-31,12683000000.0,5706000000.0,2146000000.0,1148000000.0,3057000000.0,2494000000.0,50598000000.0,410000000.0,4153000000.0,6485000000.0,11578000000.0,2874000000.0
KDP,2022,2022-12-31,14057000000.0,6734000000.0,1436000000.0,1484000000.0,3804000000.0,2491000000.0,51837000000.0,399000000.0,4645000000.0,8076000000.0,11072000000.0,2837000000.0
KDP,2023,2023-12-31,14814000000.0,6734000000.0,2181000000.0,1368000000.0,3375000000.0,2699000000.0,52130000000.0,402000000.0,4912000000.0,8916000000.0,9945000000.0,1329000000.0
KDP,2024,2024-12-31,15351000000.0,6822000000.0,1441000000.0,1502000000.0,3997000000.0,2964000000.0,53430000000.0,422000000.0,5013000000.0,8087000000.0,12912000000.0,2219000000.0
KDP,2025,2025-12-31,16603000000.0,7604000000.0,2079000000.0,1671000000.0,5266000000.0,3230000000.0,55459000000.0,455000000.0,5351000000.0,8290000000.0,13036000000.0,1991000000.0
KHC,2019,2019-12-28,,16830000000.0,1935000000.0,1973000000.0,8097000000.0,7055000000.0,101450000000.0,994000000.0,5077000000.0,7875000000.0,41826000000.0,3552000000.0
KHC,2019,2019-12-28,,16830000000.0,1935000000.0,1973000000.0,8097000000.0,7055000000.0,101450000000.0,994000000.0,5077000000.0,7875000000.0,41826000000.0,3552000000.0
KHC,2020,2020-12-26,,17008000000.0,356000000.0,2063000000.0,10822000000.0,,99830000000.0,969000000.0,7049000000.0,8061000000.0,41526000000.0,4929000000.0
KHC,2020,2020-12-26,,17008000000.0,356000000.0,2063000000.0,10822000000.0,,99830000000.0,969000000.0,7049000000.0,8061000000.0,41526000000.0,4929000000.0
KHC,2021,2021-12-25,,17360000000.0,1012000000.0,1957000000.0,8994000000.0,,93394000000.0,910000000.0,5222000000.0,9064000000.0,34878000000.0,5364000000.0
KHC,2021,2021-12-25,,17360000000.0,1012000000.0,1957000000.0,8994000000.0,,93394000000.0,910000000.0,5222000000.0,9064000000.0,34878000000.0,5364000000.0
KHC,2022,2022-12-31,,18363000000.0,2363000000.0,2120000000.0,7897000000.0,,90513000000.0,933000000.0,4488000000.0,9028000000.0,32615000000.0,2469000000.0
KHC,2022,2022-12-31,,18363000000.0,2363000000.0,2120000000.0,7897000000.0,,90513000000.0,933000000.0,4488000000.0,9028000000.0,32615000000.0,2469000000.0
KHC,2023,2023-12-30,,17714000000.0,2855000000.0,2112000000.0,7929000000.0,,90339000000.0,961000000.0,4354000000.0,8037000000.0,32580000000.0,3976000000.0
KHC,2023,2023-12-30,,17714000000.0,2855000000.0,2112000000.0,7929000000.0,,90339000000.0,961000000.0,4354000000.0,8037000000.0,32580000000.0,3976000000.0
KHC,2024,2024-12-28,,16878000000.0,2744000000.0,2147000000.0,7655000000.0,,88287000000.0,948000000.0,7285000000.0,7253000000.0,31709000000.0,4184000000.0
KHC,2024,2024-12-28,,16878000000.0,2744000000.0,2147000000.0,7655000000.0,,88287000000.0,948000000.0,7285000000.0,7253000000.0,31709000000.0,4184000000.0
KHC,2025,2025-12-27,,16633000000.0,-5846000000.0,2254000000.0,10127000000.0,,81786000000.0,968000000.0,12978000000.0,8778000000.0,31219000000.0,4462000000.0
KHC,2025,2025-12-27,,16633000000.0,-5846000000.0,2254000000.0,10127000000.0,,81786000000.0,968000000.0,12978000000.0,8778000000.0,31219000000.0,4462000000.0
KLAC,2019,2019-06-30,4568904000.0,1869377000.0,1175617000.0,990113000.0,4315075000.0,448799000.0,9008516000.0,233224000.0,599124000.0,1768486000.0,3173383000.0,1152632000.0
KLAC,2020,2020-06-30,5806424000.0,2449561000.0,1216785000.0,1107413000.0,4723545000.0,519824000.0,9279960000.0,348049000.0,734149000.0,1699786000.0,3469670000.0,1778850000.0
KLAC,2021,2021-06-30,6918734000.0,2772165000.0,2078292000.0,1305479000.0,5696248000.0,663027000.0,10271124000.0,333335000.0,729602000.0,2103227000.0,3422767000.0,2185026000.0
KLAC,2022,2022-06-30,9211883000.0,3592441000.0,3321807000.0,1811877000.0,7168911000.0,849929000.0,12597088000.0,363344000.0,860007000.0,2871083000.0,6660718000.0,3312702000.0
KLAC,2023,2023-06-30,10496056000.0,4218307000.0,3387277000.0,1753361000.0,8372032000.0,1031841000.0,14072357000.0,415113000.0,986326000.0,3742842000.0,5890736000.0,3669805000.0
KLAC,2024,2024-06-30,9812247000.0,3928073000.0,2761896000.0,1833041000.0,10031144000.0,1109968000.0,15433566000.0,401730000.0,969509000.0,4660774000.0,5880199000.0,3308575000.0
KLAC,2025,2025-06-30,12156162000.0,4751867000.0,4061643000.0,2263915000.0,10698789000.0,1252775000.0,16067926000.0,394088000.0,1029734000.0,4085795000.0,5884257000.0,4081903000.0
LRCX,2019,2019-06-30,9653559000.0,5295100000.0,2191430000.0,1455522000.0,8560409000.0,1059077000.0,12001333000.0,182100000.0,702407000.0,2371650000.0,3767703000.0,3176013000.0
LRCX,2020,2020-06-28,10044736000.0,5436043000.0,2251753000.0,2097099000.0,10853535000.0,1053090000.0,14559047000.0,198800000.0,682479000.0,3162442000.0,4959371000.0,2126451000.0
LRCX,2021,2021-06-27,14626150000.0,7820844000.0,3908458000.0,3026430000.0,11652387000.0,1259425000.0,15892152000.0,229800000.0,829875000.0,3527867000.0,4960935000.0,3588163000.0
LRCX,2022,2022-06-26,17227039000.0,9355232000.0,4605286000.0,4313818000.0,12285235000.0,1605434000.0,17195632000.0,248200000.0,885737000.0,4564759000.0,4962459000.0,3099674000.0
LRCX,2023,2023-06-25,17428516000.0,9651591000.0,4510931000.0,2823376000.0,13228412000.0,1802951000.0,18781643000.0,282800000.0,832753000.0,4184918000.0,4964944000.0,5178938000.0
LRCX,2024,2024-06-30,14905386000.0,7852595000.0,3827772000.0,2519250000.0,12883220000.0,2129982000.0,18744728000.0,299000000.0,868247000.0,4338438000.0,4466045000.0,4652269000.0
LRCX,2025,2025-06-29,18435591000.0,9456532000.0,5358217000.0,3378071000.0,14516995000.0,2405522000.0,21345260000.0,329500000.0,981704000.0,6568425000.0,3719694000.0,6173264000.0
LULU,2019,2019-02-03,3288319000.0,1472032000.0,483801000.0,35786000.0,1429282000.0,567237000.0,2084711000.0,122484000.0,1110379000.0,500477000.0,138259000.0,742779000.0
LULU,2020,2020-02-02,3979296000.0,1755910000.0,645596000.0,40219000.0,1807938000.0,671693000.0,3281354000.0,161933000.0,1334247000.0,620418000.0,708718000.0,669316000.0
LULU,2021,2021-01-31,4401879000.0,1937888000.0,588913000.0,62399000.0,2124379000.0,745687000.0,4185215000.0,185478000.0,1609003000.0,883178000.0,743471000.0,803336000.0
LULU,2022,2022-01-30,6256617000.0,2648052000.0,975322000.0,77001000.0,2614853000.0,927710000.0,4942478000.0,224206000.0,2225034000.0,1405334000.0,797098000.0,1389108000.0
LULU,2023,2023-01-29,8110518000.0,3618178000.0,854800000.0,132906000.0,3159453000.0,1269614000.0,5607038000.0,291791000.0,2757447000.0,1492198000.0,966041000.0,966463000.0
LULU,2024,2024-01-28,9619278000.0,4009873000.0,1550190000.0,124769000.0,4060577000.0,1545811000.0,7091941000.0,379384000.0,3397218000.0,1631261000.0,1228599000.0,2296164000.0
LULU,2025,2025-02-02,10588126000.0,4317315000.0,1814616000.0,120173000.0,3980302000.0,1780617000.0,7603292000.0,446524000.0,3762379000.0,1839630000.0,1439615000.0,2272713000.0
LULU,2026,2026-02-01,11102600000.0,4818468000.0,1579183000.0,190657000.0,4262701000.0,2033720000.0,8456743000.0,496228000.0,4066556000.0,1887548000.0,1607355000.0,1602477000.0
MAR,2019,2019-12-31,20972000000.0,,1273000000.0,2395000000.0,3127000000.0,1904000000.0,25051000000.0,346000000.0,938000000.0,6677000000.0,247000000.0,1685000000.0
MAR,2020,2020-12-31,10571000000.0,,-267000000.0,1768000000.0,2825000000.0,1514000000.0,24701000000.0,322000000.0,762000000.0,5752000000.0,143000000.0,1639000000.0
MAR,2021,2021-12-31,13857000000.0,,1099000000.0,1982000000.0,3626000000.0,1503000000.0,25553000000.0,138000000.0,823000000.0,6407000000.0,135000000.0,1177000000.0
MAR,2022,2022-12-31,20773000000.0,,2358000000.0,2571000000.0,3313000000.0,1585000000.0,24815000000.0,114000000.0,891000000.0,7339000000.0,92000000.0,2363000000.0
MAR,2023,2023-12-31,23713000000.0,,3083000000.0,2712000000.0,3311000000.0,1581000000.0,25674000000.0,122000000.0,867000000.0,7762000000.0,56000000.0,3170000000.0
MAR,2024,2024-12-31,25100000000.0,,2375000000.0,2795000000.0,3485000000.0,1833000000.0,26182000000.0,128000000.0,945000000.0,8649000000.0,55000000.0,2749000000.0
MAR,2025,2025-12-31,26186000000.0,,2601000000.0,2909000000.0,3584000000.0,1954000000.0,27540000000.0,145000000.0,870000000.0,8398000000.0,23000000.0,3212000000.0
MCHP,2019,2019-03-31,5349500000.0,2418200000.0,355900000.0,880600000.0,2214800000.0,996700000.0,18350000000.0,876400000.0,682900000.0,2374500000.0,8946200000.0,1674800000.0
MCHP,2020,2020-03-31,5274200000.0,2032100000.0,570600000.0,934000000.0,2217200000.0,876100000.0,17426100000.0,1215600000.0,676600000.0,1637400000.0,8873400000.0,1543800000.0
MCHP,2021,2021-03-31,5438400000.0,2059600000.0,349400000.0,997700000.0,2145200000.0,854700000.0,16478800000.0,1153300000.0,610300000.0,2409600000.0,7581200000.0,1916500000.0
MCHP,2022,2022-03-31,6820900000.0,2371300000.0,1285500000.0,1072600000.0,2452600000.0,967900000.0,16199500000.0,1143500000.0,718900000.0,1399000000.0,7687400000.0,2842700000.0
MCHP,2023,2023-03-31,8438700000.0,2740800000.0,2237700000.0,1305300000.0,3069300000.0,1177900000.0,16370300000.0,998400000.0,797700000.0,3118600000.0,5041700000.0,3621000000.0
MCHP,2024,2024-03-31,7634400000.0,2638700000.0,1906900000.0,1143700000.0,3013000000.0,1194600000.0,15873200000.0,879500000.0,734200000.0,2519400000.0,5000400000.0,2892700000.0
MCHP,2025,2025-03-31,4401600000.0,1933700000.0,-500000.0,689700000.0,2991300000.0,1183700000.0,15374600000.0,750100000.0,617700000.0,1155100000.0,5630400000.0,898100000.0
MCHP,2026,2026-03-31,4713100000.0,1992000000.0,230000000.0,894700000.0,2377600000.0,1106700000.0,14370100000.0,689300000.0,674300000.0,1136300000.0,5496400000.0,962100000.0
MDB,2019,2019-01-31,267016000.0,73568000.0,-99011000.0,72808000.0,566236000.0,73664000.0,733476000.0,5792000.0,53063000.0,164637000.0,216858000.0,-41989000.0
MDB,2020,2020-01-31,421720000.0,125356000.0,-175522000.0,85554000.0,1113196000.0,58316000.0,1328567000.0,12783000.0,71304000.0,242384000.0,1003325000.0,-29540000.0
MDB,2021,2021-01-31,590380000.0,177076000.0,-266944000.0,135176000.0,1141887000.0,62364000.0,1407495000.0,14177000.0,92347000.0,354541000.0,1053273000.0,-42673000.0
MDB,2022,2022-01-31,873782000.0,259492000.0,-306866000.0,195383000.0,2117402000.0,62625000.0,2449588000.0,13671000.0,122944000.0,526735000.0,1256153000.0,6980000.0
MDB,2023,2023-01-31,1284040000.0,349304000.0,-345398000.0,285192000.0,2236584000.0,57841000.0,2588893000.0,16110000.0,160498000.0,588512000.0,1260873000.0,-12970000.0
MDB,2024,2024-01-31,1683011000.0,424485000.0,-176600000.0,325610000.0,2483636000.0,53042000.0,2869642000.0,18939000.0,193558000.0,564220000.0,1236433000.0,121477000.0
MDB,2025,2025-01-31,2006443000.0,535296000.0,-129072000.0,393099000.0,2923522000.0,46377000.0,3430293000.0,11751000.0,219226000.0,561987000.0,86082000.0,150191000.0
MDB,2026,2026-01-31,2463797000.0,696058000.0,-71151000.0,499002000.0,3114855000.0,,3758848000.0,22394000.0,244015000.0,669496000.0,136994000.0,505148000.0
MDLZ,2019,2019-12-31,25868000000.0,15531000000.0,3929000000.0,2212000000.0,7630000000.0,,64515000000.0,645000000.0,6136000000.0,15322000000.0,15875000000.0,3965000000.0
MDLZ,2020,2020-12-31,26581000000.0,16135000000.0,3555000000.0,2297000000.0,9979000000.0,,67810000000.0,652000000.0,6098000000.0,15159000000.0,24997000000.0,3964000000.0
MDLZ,2021,2021-12-31,28720000000.0,17466000000.0,4300000000.0,2337000000.0,10342000000.0,,67092000000.0,683000000.0,6263000000.0,14008000000.0,24761000000.0,4141000000.0
MDLZ,2022,2022-12-31,31496000000.0,20184000000.0,2717000000.0,3088000000.0,10091000000.0,,71161000000.0,690000000.0,7384000000.0,16731000000.0,27510000000.0,3908000000.0
MDLZ,2023,2023-12-31,36016000000.0,22252000000.0,4959000000.0,3634000000.0,11703000000.0,,71391000000.0,741000000.0,8002000000.0,19013000000.0,24012000000.0,4714000000.0
MDLZ,2024,2024-12-31,36441000000.0,22184000000.0,4611000000.0,3874000000.0,13242000000.0,,68497000000.0,810000000.0,7439000000.0,19549000000.0,21990000000.0,4910000000.0
MDLZ,2025,2025-12-31,38537000000.0,27602000000.0,2451000000.0,3903000000.0,12951000000.0,,71487000000.0,853000000.0,7173000000.0,21864000000.0,23732000000.0,4514000000.0
MELI,2019,2019-12-31,2296314000.0,1194191000.0,-171999000.0,35446000.0,3788856000.0,244257000.0,4781691000.0,73320000.0,197455000.0,1752320000.0,947408000.0,451091000.0
MELI,2020,2020-12-31,3974000000.0,2265000000.0,-1000000.0,49691000.0,5346807000.0,391684000.0,6526332000.0,105000000.0,327000000.0,3635880000.0,1238874000.0,1182000000.0
MELI,2021,2021-12-31,5710000000.0,4064000000.0,83000000.0,98000000.0,8175000000.0,807000000.0,10101000000.0,204000000.0,465000000.0,5837000000.0,3518000000.0,965000000.0
MELI,2022,2022-12-31,7450000000.0,5582000000.0,482000000.0,130000000.0,10953000000.0,993000000.0,13736000000.0,403000000.0,661000000.0,8562000000.0,4758000000.0,2940000000.0
MELI,2023,2023-12-31,10487000000.0,7517000000.0,987000000.0,156000000.0,14260000000.0,1250000000.0,17612000000.0,524000000.0,766000000.0,11263000000.0,4495000000.0,5140000000.0
MELI,2024,2024-12-31,15137000000.0,11200000000.0,1911000000.0,255000000.0,20142000000.0,1380000000.0,25196000000.0,617000000.0,963000000.0,16603000000.0,5715000000.0,7918000000.0
MELI,2025,2025-12-31,20335000000.0,16035000000.0,1997000000.0,369000000.0,33573000000.0,2303000000.0,42667000000.0,818000000.0,1078000000.0,28633000000.0,9193000000.0,12116000000.0
META,2019,2019-12-31,70697000000.0,12770000000.0,18485000000.0,9518000000.0,66225000000.0,,133376000000.0,5741000000.0,10465000000.0,15053000000.0,17269000000.0,36314000000.0
META,2020,2020-12-31,85965000000.0,16692000000.0,29146000000.0,11335000000.0,75670000000.0,,159316000000.0,6862000000.0,6564000000.0,14981000000.0,16045000000.0,38747000000.0
META,2021,2021-12-31,117929000000.0,22649000000.0,39370000000.0,14039000000.0,66666000000.0,,165987000000.0,7967000000.0,9829000000.0,21135000000.0,0.0,57683000000.0
META,2022,2022-12-31,116609000000.0,25249000000.0,23200000000.0,13466000000.0,59549000000.0,,185727000000.0,8686000000.0,11816000000.0,27026000000.0,9923000000.0,50475000000.0
META,2023,2023-12-31,134902000000.0,25959000000.0,39098000000.0,16169000000.0,85365000000.0,,229623000000.0,11178000000.0,11408000000.0,31960000000.0,18385000000.0,71113000000.0
META,2024,2024-12-31,164501000000.0,30161000000.0,62360000000.0,16994000000.0,100045000000.0,,276054000000.0,15498000000.0,9740000000.0,33596000000.0,28826000000.0,91328000000.0
META,2025,2025-12-31,200966000000.0,36175000000.0,60458000000.0,19769000000.0,108722000000.0,,366021000000.0,18616000000.0,12152000000.0,41836000000.0,58744000000.0,115800000000.0
MNST,2019,2019-12-31,4200819000.0,1682234000.0,1107835000.0,540330000.0,2316309000.0,298640000.0,5150352000.0,60727000.0,,661097000.0,,1113762000.0
MNST,2020,2020-12-31,4598638000.0,1874758000.0,1409594000.0,666012000.0,3140955000.0,314656000.0,6202716000.0,57030000.0,,749988000.0,,1364163000.0
MNST,2021,2021-12-31,5541352000.0,2432839000.0,1377475000.0,896658000.0,4682110000.0,313753000.0,7804784000.0,50155000.0,,965076000.0,,1155741000.0
MNST,2022,2022-12-31,6311050000.0,3136483000.0,1191624000.0,1016203000.0,4764897000.0,516897000.0,8293105000.0,61241000.0,,1001978000.0,,887699000.0
MNST,2023,2023-12-31,7140027000.0,3345821000.0,1630988000.0,1193964000.0,5588996000.0,890796000.0,9686522000.0,68898000.0,,1161689000.0,,1717753000.0
MNST,2024,2024-12-31,7492709000.0,3443831000.0,1509048000.0,1221646000.0,3641504000.0,1047024000.0,7719089000.0,80434000.0,,1097519000.0,373951000.0,1928533000.0
MNST,2025,2025-12-31,8294343000.0,3662148000.0,1905432000.0,1618072000.0,5361084000.0,1081544000.0,9988945000.0,114441000.0,,1447780000.0,,2098177000.0
MRVL,2020,2020-02-01,2699161000.0,1342220000.0,1584391000.0,,,,,83400000.0,,,,360297000.0
MRVL,2021,2021-01-30,2968900000.0,1480600000.0,-277300000.0,536668000.0,1617145000.0,326125000.0,10764924000.0,95900000.0,,1077097000.0,993170000.0,817300000.0
MRVL,2022,2022-01-29,4462400000.0,2398200000.0,-421000000.0,1048600000.0,2493400000.0,462800000.0,22108600000.0,113500000.0,955300000.0,1388600000.0,4484800000.0,819300000.0
MRVL,2023,2023-01-28,5919600000.0,2932100000.0,-163500000.0,1192200000.0,3281100000.0,577400000.0,22522100000.0,126800000.0,843600000.0,2386700000.0,3907700000.0,1288800000.0
MRVL,2024,2024-02-03,5507700000.0,3214100000.0,-933400000.0,1121600000.0,3062700000.0,756000000.0,21228500000.0,148200000.0,834000000.0,1814200000.0,4058600000.0,1370500000.0
MRVL,2025,2025-02-01,5767300000.0,3385100000.0,-885000000.0,1028400000.0,3120300000.0,790500000.0,20204500000.0,177000000.0,798200000.0,2026800000.0,3934300000.0,1681200000.0
MRVL,2026,2026-01-31,8194600000.0,4013900000.0,2670100000.0,2186600000.0,6460600000.0,935000000.0,22285300000.0,221700000.0,767100000.0,3220500000.0,3970800000.0,1750500000.0
MU,2019,2019-08-29,23406000000.0,12704000000.0,6313000000.0,2778000000.0,16503000000.0,28240000000.0,48887000000.0,5424000000.0,836000000.0,6390000000.0,5629000000.0,13189000000.0
MU,2020,2020-09-03,21435000000.0,14883000000.0,2687000000.0,3494000000.0,17965000000.0,,53678000000.0,5650000000.0,881000000.0,6635000000.0,6157000000.0,8306000000.0
MU,2021,2021-09-02,27705000000.0,17282000000.0,5861000000.0,4920000000.0,19907000000.0,,58849000000.0,6214000000.0,894000000.0,6424000000.0,5968000000.0,12468000000.0
MU,2022,2022-09-01,30758000000.0,16860000000.0,8687000000.0,4765000000.0,21781000000.0,,66283000000.0,7116000000.0,1066000000.0,7539000000.0,6020000000.0,15181000000.0
MU,2023,2023-08-31,15540000000.0,16956000000.0,-5833000000.0,2048000000.0,21244000000.0,,64254000000.0,7756000000.0,920000000.0,4765000000.0,12049000000.0,1559000000.0
MU,2024,2024-08-29,25111000000.0,19498000000.0,778000000.0,5419000000.0,24372000000.0,,69416000000.0,7780000000.0,1129000000.0,9248000000.0,11343000000.0,8507000000.0
MU,2025,2025-08-28,37378000000.0,22505000000.0,8539000000.0,7163000000.0,28841000000.0,,82798000000.0,8352000000.0,1205000000.0,11454000000.0,11533000000.0,17525000000.0
NFLX,2019,2019-12-31,20156447000.0,12440213000.0,1866916000.0,,6178504000.0,565221000.0,33975712000.0,103579000.0,914369000.0,6855696000.0,14759260000.0,-2887322000.0
NFLX,2020,2020-12-31,24996056000.0,15276319000.0,2761395000.0,,9761580000.0,960183000.0,39280359000.0,115710000.0,1076486000.0,7805785000.0,15809095000.0,2427077000.0
NFLX,2021,2021-12-31,29697844000.0,17332683000.0,5116228000.0,,8069825000.0,1323453000.0,44584663000.0,208412000.0,1351621000.0,8488966000.0,14693072000.0,392610000.0
NFLX,2022,2022-12-31,31615550000.0,19168285000.0,4491924000.0,,9266473000.0,1398257000.0,48594768000.0,336682000.0,1572891000.0,7930974000.0,14353076000.0,2026257000.0
NFLX,2023,2023-12-31,33723297000.0,19715368000.0,5407990000.0,,9918133000.0,1491444000.0,48731992000.0,356947000.0,1720285000.0,8860655000.0,14143417000.0,7274301000.0
NFLX,2024,2024-12-31,39000966000.0,21038464000.0,8711631000.0,,13100379000.0,1593756000.0,53630374000.0,328914000.0,1702039000.0,10755400000.0,13798351000.0,7361364000.0
NFLX,2025,2025-12-31,45183036000.0,23275329000.0,10981201000.0,,13020191000.0,2004350000.0,55596993000.0,333389000.0,1888408000.0,10980930000.0,13463971000.0,10149273000.0
NVDA,2019,2019-01-27,11716000000.0,4545000000.0,4141000000.0,1424000000.0,10557000000.0,1404000000.0,13292000000.0,233000000.0,991000000.0,1329000000.0,1988000000.0,3743000000.0
NVDA,2020,2020-01-26,10918000000.0,4150000000.0,2796000000.0,1657000000.0,13690000000.0,1674000000.0,17315000000.0,381000000.0,1093000000.0,1784000000.0,1991000000.0,4761000000.0
NVDA,2021,2021-01-31,16675000000.0,6279000000.0,4332000000.0,2429000000.0,16055000000.0,2149000000.0,28791000000.0,1098000000.0,1940000000.0,3925000000.0,5964000000.0,5822000000.0
NVDA,2022,2022-01-30,26914000000.0,9439000000.0,9752000000.0,4650000000.0,28829000000.0,2778000000.0,44187000000.0,1174000000.0,2166000000.0,4335000000.0,10946000000.0,9108000000.0
NVDA,2023,2023-01-29,26974000000.0,11618000000.0,4368000000.0,3827000000.0,23073000000.0,3807000000.0,41182000000.0,1544000000.0,2440000000.0,6563000000.0,9703000000.0,5641000000.0
NVDA,2024,2024-01-28,60922000000.0,16621000000.0,29760000000.0,9999000000.0,44345000000.0,3914000000.0,65728000000.0,1508000000.0,2654000000.0,10631000000.0,8459000000.0,28090000000.0
NVDA,2025,2025-01-26,130497000000.0,32639000000.0,72880000000.0,23065000000.0,80126000000.0,6283000000.0,111601000000.0,1864000000.0,3491000000.0,18047000000.0,8463000000.0,64089000000.0
NVDA,2026,2026-01-25,215938000000.0,62475000000.0,120067000000.0,38466000000.0,125605000000.0,10383000000.0,206803000000.0,2843000000.0,4579000000.0,32163000000.0,7469000000.0,102718000000.0
NXPI,2019,2019-12-31,8877000000.0,4259000000.0,243000000.0,667000000.0,3267000000.0,2448000000.0,20016000000.0,2047000000.0,924000000.0,1791000000.0,7400000000.0,2373000000.0
NXPI,2020,2020-12-31,8612000000.0,4377000000.0,52000000.0,765000000.0,4324000000.0,2284000000.0,19847000000.0,1988000000.0,879000000.0,2017000000.0,7650000000.0,2482000000.0
NXPI,2021,2021-12-31,11063000000.0,4996000000.0,1871000000.0,923000000.0,5228000000.0,2635000000.0,20864000000.0,1262000000.0,956000000.0,2452000000.0,10650000000.0,3077000000.0
NXPI,2022,2022-12-31,13205000000.0,5688000000.0,2787000000.0,960000000.0,6935000000.0,3105000000.0,23236000000.0,1250000000.0,1066000000.0,3270000000.0,11250000000.0,3895000000.0
NXPI,2023,2023-12-31,13276000000.0,5723000000.0,2797000000.0,894000000.0,7864000000.0,3323000000.0,24353000000.0,1106000000.0,1159000000.0,4111000000.0,10175000000.0,3513000000.0
NXPI,2024,2024-12-31,12614000000.0,5495000000.0,2510000000.0,1032000000.0,7305000000.0,3267000000.0,24385000000.0,925000000.0,1164000000.0,3098000000.0,10354000000.0,2782000000.0
NXPI,2025,2025-12-31,12269000000.0,5553000000.0,2021000000.0,1055000000.0,7940000000.0,2977000000.0,26560000000.0,832000000.0,1204000000.0,3881000000.0,10972000000.0,2820000000.0
ODFL,2019,2019-12-30,,,,397579000.0,866834000.0,2968835000.0,3995568000.0,,,366085000.0,548766000.0,
ODFL,2019,2019-12-31,,,615518000.0,397579000.0,866834000.0,2968835000.0,3995568000.0,253700000.0,,366085000.0,548766000.0,983888000.0
ODFL,2020,2020-12-31,,,672682000.0,444653000.0,1243339000.0,2914031000.0,4369410000.0,261300000.0,,373130000.0,669992000.0,933024000.0
ODFL,2021,2021-12-31,,,1034375000.0,567474000.0,1383787000.0,3215686000.0,4821544000.0,259500000.0,,464234000.0,677503000.0,1212606000.0
ODFL,2022,2022-12-31,,,1377159000.0,578648000.0,933740000.0,3687068000.0,4838610000.0,275600000.0,,529793000.0,655900000.0,1691582000.0
ODFL,2023,2023-12-31,,,1239502000.0,578885000.0,1143333000.0,4095405000.0,5512393000.0,324000000.0,,544658000.0,709924000.0,1569135000.0
ODFL,2024,2024-12-31,,,1186073000.0,501554000.0,720683000.0,4505431000.0,5491395000.0,344500000.0,,540529000.0,706278000.0,1659283000.0
ODFL,2025,2025-12-31,,,1023703000.0,471947000.0,694833000.0,4504204000.0,5470160000.0,364700000.0,,483906000.0,675197000.0,1370133000.0
ON,2019,2019-12-31,5517900000.0,3544300000.0,211700000.0,705000000.0,3020000000.0,2591600000.0,8425500000.0,593100000.0,284000000.0,1818400000.0,2876500000.0,694700000.0
ON,2020,2020-12-31,5255000000.0,3539200000.0,234200000.0,676000000.0,3184100000.0,2512300000.0,8668000000.0,625100000.0,258700000.0,1674500000.0,2959700000.0,884300000.0
ON,2021,2021-12-31,6739800000.0,4025500000.0,1009600000.0,809400000.0,3781600000.0,2524300000.0,9626000000.0,596700000.0,304800000.0,1543400000.0,2913900000.0,1782000000.0
ON,2022,2022-12-31,8326200000.0,4249000000.0,1902200000.0,842300000.0,5729400000.0,3450700000.0,11978500000.0,551800000.0,343200000.0,2061400000.0,3045700000.0,2633100000.0
ON,2023,2023-12-31,8253000000.0,4369500000.0,2183700000.0,935400000.0,5912300000.0,4401500000.0,13215200000.0,609500000.0,362400000.0,2183600000.0,2542600000.0,1977500000.0
ON,2024,2024-12-31,7082300000.0,3866200000.0,1572800000.0,1160100000.0,6752000000.0,4361400000.0,14089800000.0,642900000.0,376300000.0,1334800000.0,3345900000.0,1906400000.0
ON,2025,2025-12-31,5995400000.0,4011500000.0,121000000.0,908000000.0,5823100000.0,3369000000.0,12524100000.0,686000000.0,348900000.0,1287700000.0,2980500000.0,1759800000.0
ORLY,2019,2019-12-31,10149985000.0,4755294000.0,1391042000.0,214915000.0,3833662000.0,3948203000.0,10717160000.0,270875000.0,3473965000.0,4469427000.0,3890527000.0,1708479000.0
ORLY,2020,2020-12-31,11604493000.0,5518801000.0,1752302000.0,229679000.0,4499787000.0,4094918000.0,11596642000.0,314635000.0,3666356000.0,5262417000.0,4123217000.0,2836603000.0
ORLY,2021,2021-12-31,13327563000.0,6307614000.0,2164685000.0,272562000.0,4504262000.0,4213515000.0,11718707000.0,328217000.0,4102781000.0,5874615000.0,3826978000.0,3207310000.0
ORLY,2022,2022-12-31,14409860000.0,7028154000.0,2172650000.0,343155000.0,5048259000.0,4424041000.0,12627979000.0,357933000.0,4427215000.0,7063817000.0,4371653000.0,3148250000.0
ORLY,2023,2023-12-31,15812250000.0,7707447000.0,2346581000.0,375049000.0,5558302000.0,5036980000.0,13872995000.0,409061000.0,4918427000.0,7661353000.0,5570125000.0,3034084000.0
ORLY,2024,2024-12-31,16708479000.0,8153990000.0,2386680000.0,356839000.0,5839895000.0,5605156000.0,14893741000.0,461892000.0,5303332000.0,8283505000.0,5520932000.0,3049576000.0
ORLY,2025,2025-12-31,17781992000.0,8607851000.0,2538209000.0,389793000.0,6744277000.0,6257425000.0,16538253000.0,511230000.0,5713529000.0,8775821000.0,6016904000.0,2761993000.0
PANW,2019,2019-07-31,2899600000.0,808400000.0,-81900000.0,582400000.0,3664800000.0,296000000.0,6592200000.0,153800000.0,261800000.0,2053300000.0,1430000000.0,1055600000.0
PANW,2020,2020-07-31,3408400000.0,999500000.0,-267000000.0,1037100000.0,5129200000.0,348100000.0,9065400000.0,206100000.0,299600000.0,2691700000.0,3084100000.0,1035700000.0
PANW,2021,2021-07-31,4256100000.0,1274900000.0,-498900000.0,1240400000.0,4647300000.0,318400000.0,10241600000.0,260400000.0,391100000.0,5116700000.0,3226000000.0,1503000000.0
PANW,2022,2022-07-31,5501500000.0,1718700000.0,-267000000.0,2142500000.0,6414900000.0,357800000.0,12253600000.0,282600000.0,405000000.0,8306300000.0,3676800000.0,1984700000.0
PANW,2023,2023-07-31,6892700000.0,1909700000.0,439700000.0,2463200000.0,6048000000.0,354500000.0,14501100000.0,282200000.0,447700000.0,7737500000.0,1991500000.0,2777500000.0
PANW,2024,2024-07-31,8027500000.0,2059200000.0,2577600000.0,2618600000.0,6849700000.0,361100000.0,19990900000.0,283300000.0,680500000.0,7682700000.0,7138500000.0,3257600000.0
PANW,2025,2025-07-31,9221500000.0,2451600000.0,1133900000.0,2965000000.0,7522800000.0,387300000.0,23576200000.0,343400000.0,442700000.0,7988000000.0,7763800000.0,3716000000.0
PAYX,2019,2019-05-31,3691900000.0,1177800000.0,,420500000.0,5677700000.0,408700000.0,8676000000.0,181500000.0,1223400000.0,4845000000.0,796400000.0,1271500000.0
PAYX,2020,2020-05-31,3953600000.0,1280800000.0,,384100000.0,5464600000.0,407400000.0,8550700000.0,209700000.0,1299200000.0,4426900000.0,796800000.0,1440900000.0
PAYX,2021,2021-05-31,3997500000.0,1271200000.0,,578300000.0,6169500000.0,395800000.0,9227200000.0,192000000.0,1324900000.0,4938200000.0,797300000.0,1260300000.0
PAYX,2022,2022-05-31,4554000000.0,1356300000.0,1392800000.0,723800000.0,6581600000.0,401300000.0,9635200000.0,191800000.0,1415400000.0,5269200000.0,797700000.0,1589700000.0
PAYX,2023,2023-05-31,4907300000.0,1453000000.0,1557300000.0,873300000.0,7528100000.0,396300000.0,10546400000.0,176600000.0,1521000000.0,5805400000.0,798200000.0,1706200000.0
PAYX,2024,2024-05-31,5132000000.0,1479300000.0,1690400000.0,1059600000.0,7251500000.0,411700000.0,10383100000.0,176500000.0,1624900000.0,5309100000.0,798600000.0,1897700000.0
PAYX,2025,2025-05-31,5410000000.0,1540400000.0,1657300000.0,1330500000.0,8916500000.0,511500000.0,16564100000.0,209500000.0,1823600000.0,6956300000.0,4548400000.0,1900900000.0
PAYX,2026,2026-05-31,6301100000.0,1674500000.0,1760100000.0,1507600000.0,8613300000.0,588900000.0,16174500000.0,442600000.0,2327000000.0,6840600000.0,4556100000.0,2556700000.0
PCAR,2019,2019-12-31,25599700000.0,,2387900000.0,,,2883800000.0,28361100000.0,322200000.0,,,,2860300000.0
PCAR,2020,2020-12-31,18728500000.0,,1301200000.0,,,3270400000.0,28450000000.0,249600000.0,,,,2987200000.0
PCAR,2021,2021-12-31,23522300000.0,,1865500000.0,,,3398100000.0,29509400000.0,270000000.0,,,,2186700000.0
PCAR,2022,2022-12-31,28819700000.0,23291000000.0,3011600000.0,,,3468400000.0,33275500000.0,332200000.0,726300000.0,,,3027000000.0
PCAR,2023,2023-12-31,35127400000.0,26894200000.0,4600800000.0,,,3780100000.0,40823400000.0,415000000.0,753300000.0,,,4190000000.0
PCAR,2024,2024-12-31,33663800000.0,26069600000.0,4162000000.0,,,3985600000.0,43418900000.0,398400000.0,744000000.0,,,4640900000.0
PCAR,2025,2025-12-31,28444800000.0,22736700000.0,2375800000.0,,,4505300000.0,44336200000.0,398200000.0,735800000.0,,,4415800000.0
PEP,2019,2019-12-28,67161000000.0,30132000000.0,7314000000.0,7822000000.0,17645000000.0,19305000000.0,78547000000.0,2432000000.0,26738000000.0,20461000000.0,29148000000.0,9649000000.0
PEP,2020,2020-12-26,70372000000.0,31797000000.0,7120000000.0,8404000000.0,23001000000.0,21369000000.0,92918000000.0,2548000000.0,28453000000.0,23372000000.0,40370000000.0,10613000000.0
PEP,2021,2021-12-25,79474000000.0,37075000000.0,7618000000.0,8680000000.0,21783000000.0,22407000000.0,92377000000.0,2710000000.0,31237000000.0,26220000000.0,36026000000.0,11616000000.0
PEP,2022,2022-12-31,86392000000.0,40576000000.0,8910000000.0,10163000000.0,21539000000.0,24291000000.0,92187000000.0,2763000000.0,34459000000.0,26785000000.0,35657000000.0,10811000000.0
PEP,2023,2023-12-30,91471000000.0,41881000000.0,9074000000.0,10815000000.0,26950000000.0,27039000000.0,100495000000.0,2948000000.0,36677000000.0,31647000000.0,37595000000.0,13442000000.0
PEP,2024,2024-12-28,91854000000.0,41744000000.0,9578000000.0,10333000000.0,25826000000.0,28008000000.0,99467000000.0,3160000000.0,37190000000.0,31536000000.0,37224000000.0,12507000000.0
PEP,2025,2025-12-27,93925000000.0,43066000000.0,8240000000.0,11506000000.0,27949000000.0,29905000000.0,107399000000.0,3451000000.0,37368000000.0,32764000000.0,42321000000.0,12087000000.0
PYPL,2019,2019-12-31,17772000000.0,,2459000000.0,435000000.0,38495000000.0,1693000000.0,51333000000.0,912000000.0,1711000000.0,26919000000.0,4965000000.0,4071000000.0
PYPL,2020,2020-12-31,21454000000.0,,4202000000.0,577000000.0,50995000000.0,1807000000.0,70379000000.0,1189000000.0,2070000000.0,38447000000.0,8939000000.0,6219000000.0
PYPL,2021,2021-12-31,25371000000.0,,4169000000.0,800000000.0,52574000000.0,1909000000.0,75803000000.0,1265000000.0,2114000000.0,43029000000.0,8049000000.0,5797000000.0
PYPL,2022,2022-12-31,27518000000.0,,2419000000.0,963000000.0,57424000000.0,1730000000.0,78624000000.0,1317000000.0,2099000000.0,45008000000.0,10417000000.0,5813000000.0
PYPL,2023,2023-12-31,29771000000.0,,4246000000.0,1069000000.0,62569000000.0,1488000000.0,82166000000.0,1072000000.0,2059000000.0,48466000000.0,9676000000.0,4843000000.0
PYPL,2024,2024-12-31,31797000000.0,,4147000000.0,984000000.0,58206000000.0,1508000000.0,78725000000.0,1032000000.0,2147000000.0,45490000000.0,9879000000.0,7450000000.0
PYPL,2025,2025-12-31,33172000000.0,,5233000000.0,840000000.0,59759000000.0,1700000000.0,80173000000.0,963000000.0,1979000000.0,46443000000.0,9987000000.0,6416000000.0
QCOM,2019,2019-09-29,24273000000.0,8599000000.0,4386000000.0,1046000000.0,16765000000.0,3081000000.0,32957000000.0,1401000000.0,2195000000.0,8935000000.0,13437000000.0,7286000000.0
QCOM,2020,2020-09-27,23531000000.0,9255000000.0,5198000000.0,2687000000.0,18519000000.0,3711000000.0,35594000000.0,1393000000.0,2074000000.0,8672000000.0,15226000000.0,5814000000.0
QCOM,2021,2021-09-26,33566000000.0,14262000000.0,9043000000.0,2214000000.0,20075000000.0,4559000000.0,41240000000.0,1582000000.0,2339000000.0,11951000000.0,13701000000.0,10536000000.0
QCOM,2022,2022-09-25,44200000000.0,18635000000.0,12936000000.0,4175000000.0,20724000000.0,5168000000.0,49014000000.0,1762000000.0,2570000000.0,11866000000.0,13537000000.0,9096000000.0
QCOM,2023,2023-09-24,35820000000.0,15869000000.0,7232000000.0,1923000000.0,22464000000.0,5042000000.0,51040000000.0,1809000000.0,2483000000.0,9628000000.0,14484000000.0,11299000000.0
QCOM,2024,2024-09-29,38962000000.0,17060000000.0,10142000000.0,2347000000.0,25231000000.0,4665000000.0,55154000000.0,1706000000.0,2759000000.0,10504000000.0,13270000000.0,12202000000.0
QCOM,2025,2025-09-28,44284000000.0,19738000000.0,5541000000.0,2855000000.0,25754000000.0,4690000000.0,50143000000.0,1602000000.0,3110000000.0,9144000000.0,14811000000.0,14012000000.0
REGN,2019,2019-12-31,6557600000.0,402800000.0,2115800000.0,2100000000.0,7689100000.0,2890400000.0,14805200000.0,210300000.0,1341900000.0,2096600000.0,0.0,2430000000.0
REGN,2020,2020-12-31,8497100000.0,,3513200000.0,4114700000.0,9779100000.0,,17163300000.0,235900000.0,1346000000.0,2697400000.0,1978500000.0,2618100000.0
REGN,2021,2021-12-31,16071700000.0,,8075300000.0,6036500000.0,14014900000.0,,25434800000.0,286200000.0,1824900000.0,3932500000.0,1980000000.0,7081300000.0
REGN,2022,2022-12-31,12172900000.0,,4338400000.0,5328700000.0,15884100000.0,,29214500000.0,341400000.0,2115900000.0,3141300000.0,1981400000.0,5014900000.0
REGN,2023,2023-12-31,13117200000.0,,3953600000.0,5667300000.0,19479200000.0,,33080200000.0,421000000.0,2631300000.0,3423400000.0,1982900000.0,4594000000.0
REGN,2024,2024-12-31,14202000000.0,,4412600000.0,6211900000.0,18660900000.0,,37759400000.0,482900000.0,2954400000.0,3944300000.0,1984400000.0,4420500000.0
REGN,2025,2025-12-31,14342900000.0,,4504900000.0,5741100000.0,18021900000.0,,40558700000.0,543700000.0,2700000000.0,4368400000.0,1985900000.0,4978900000.0
ROST,2019,2019-02-02,14983541000.0,10726277000.0,1587457000.0,96711000.0,3404019000.0,2475201000.0,6073691000.0,330357000.0,2216550000.0,2009484000.0,312440000.0,2066677000.0
ROST,2020,2020-02-01,16039073000.0,11536187000.0,1660928000.0,102236000.0,3432828000.0,2653436000.0,9348367000.0,350892000.0,2356704000.0,2701934000.0,312891000.0,2171546000.0
ROST,2021,2021-01-30,12531565000.0,9838574000.0,85382000.0,115067000.0,6692491000.0,2710496000.0,12717867000.0,364245000.0,2503281000.0,3967033000.0,2448175000.0,2245933000.0
ROST,2022,2022-01-29,18916244000.0,13708907000.0,1722589000.0,119247000.0,7473176000.0,2898527000.0,13640256000.0,360664000.0,2874469000.0,4214929000.0,2452325000.0,1738849000.0
ROST,2023,2023-01-28,18695829000.0,13946230000.0,1512041000.0,145694000.0,6904719000.0,3181527000.0,13416463000.0,394655000.0,2759268000.0,3636246000.0,2456510000.0,1689373000.0
ROST,2024,2024-02-03,20376941000.0,14801601000.0,1874520000.0,130766000.0,7398138000.0,3531901000.0,14300109000.0,419432000.0,3267677000.0,4185796000.0,2211017000.0,2514490000.0
ROST,2025,2025-02-01,21129219000.0,15260506000.0,2090730000.0,144482000.0,7538696000.0,3792403000.0,14905332000.0,446788000.0,3283127000.0,4661825000.0,1515080000.0,2356988000.0
ROST,2026,2026-01-31,22750559000.0,16447256000.0,2145044000.0,181301000.0,7640097000.0,4088760000.0,15548737000.0,509391000.0,3595946000.0,4827180000.0,1017863000.0,3026883000.0
SIRI,2019,2019-12-31,7794000000.0,3383000000.0,914000000.0,532000000.0,1003000000.0,1626000000.0,11149000000.0,327000000.0,524000000.0,3293000000.0,8592000000.0,2017000000.0
SIRI,2020,2020-12-31,8040000000.0,3535000000.0,131000000.0,559000000.0,967000000.0,1629000000.0,10333000000.0,354000000.0,511000000.0,3167000000.0,9451000000.0,2018000000.0
SIRI,2021,2021-12-31,8696000000.0,3923000000.0,1314000000.0,626000000.0,1180000000.0,1450000000.0,10274000000.0,379000000.0,514000000.0,2980000000.0,9919000000.0,1998000000.0
SIRI,2022,2022-12-31,9003000000.0,4084000000.0,908000000.0,574000000.0,1038000000.0,1499000000.0,10022000000.0,399000000.0,563000000.0,2981000000.0,10392000000.0,1981000000.0
SIRI,2023,2023-12-31,8953000000.0,4164000000.0,786000000.0,616000000.0,1361000000.0,1791000000.0,30056000000.0,425000000.0,608000000.0,3951000000.0,13003000000.0,1829000000.0
SIRI,2024,2024-12-31,8699000000.0,4083000000.0,-1665000000.0,596000000.0,1149000000.0,2109000000.0,27521000000.0,445000000.0,497000000.0,2731000000.0,13716000000.0,1741000000.0
SIRI,2025,2025-12-31,8558000000.0,4070000000.0,805000000.0,671000000.0,1098000000.0,2260000000.0,27237000000.0,422000000.0,549000000.0,3653000000.0,12021000000.0,1898000000.0
SNPS,2019,2019-10-31,3360694000.0,752946000.0,532367000.0,553895000.0,1738917000.0,429532000.0,6405160000.0,201676000.0,229218000.0,1752453000.0,120093000.0,800513000.0
SNPS,2020,2020-10-31,3685281000.0,794690000.0,664347000.0,780709000.0,2549217000.0,483818000.0,8030062000.0,209986000.0,284530000.0,2139922000.0,100823000.0,991313000.0
SNPS,2021,2021-10-31,4204193000.0,861777000.0,757516000.0,568501000.0,2808341000.0,472398000.0,8752260000.0,203676000.0,322988000.0,2413484000.0,25094000.0,1492622000.0
SNPS,2022,2022-10-31,4615714000.0,898013000.0,984594000.0,796091000.0,3012669000.0,483300000.0,9418087000.0,228405000.0,313554000.0,2774499000.0,20824000.0,1738900000.0
SNPS,2023,2023-10-31,5318014000.0,1030843000.0,1229888000.0,856660000.0,3430624000.0,549837000.0,10333131000.0,247120000.0,376677000.0,2985451000.0,18078000.0,1703274000.0
SNPS,2024,2024-10-31,6127436000.0,1245289000.0,2263380000.0,934470000.0,6469666000.0,563006000.0,13073561000.0,295065000.0,568496000.0,2650120000.0,15601000.0,1407029000.0
SNPS,2025,2025-10-31,7054178000.0,1623549000.0,1332220000.0,1505427000.0,6012102000.0,696693000.0,48224461000.0,660430000.0,769648000.0,3722494000.0,13462398000.0,1518608000.0
SWKS,2019,2019-09-27,3376800000.0,1773000000.0,853600000.0,465300000.0,2234600000.0,1205600000.0,4839600000.0,314900000.0,198300000.0,374000000.0,343300000.0,1367400000.0
SWKS,2020,2020-10-02,3355700000.0,1742800000.0,814800000.0,358500000.0,2317600000.0,1249500000.0,5106700000.0,318300000.0,231400000.0,448400000.0,0.0,1204500000.0
SWKS,2021,2021-10-01,5109100000.0,2596700000.0,1498300000.0,756200000.0,2865400000.0,1501600000.0,8590700000.0,332200000.0,322500000.0,658500000.0,2235600000.0,1772000000.0
SWKS,2022,2022-09-30,5485500000.0,2881200000.0,1275200000.0,1094000000.0,3229900000.0,1604800000.0,8873800000.0,394400000.0,329800000.0,1226900000.0,1689900000.0,1424600000.0
SWKS,2023,2023-09-29,4772400000.0,2665100000.0,982800000.0,864300000.0,3179500000.0,1390100000.0,8426700000.0,387800000.0,314000000.0,955700000.0,992900000.0,1856400000.0
SWKS,2024,2024-09-27,4178000000.0,2457200000.0,596000000.0,508800000.0,3341000000.0,1280300000.0,8283300000.0,264800000.0,300800000.0,602700000.0,994300000.0,1824700000.0
SWKS,2025,2025-10-03,4086900000.0,2404800000.0,477100000.0,598100000.0,3077000000.0,1194600000.0,7917000000.0,278700000.0,371500000.0,1323200000.0,496400000.0,1300800000.0
TMUS,2019,2019-01-01,,,,,,21020000000.0,,,,,,
TMUS,2019,2019-12-31,44998000000.0,,3468000000.0,1888000000.0,9305000000.0,21984000000.0,86921000000.0,6616000000.0,14139000000.0,12506000000.0,10958000000.0,6824000000.0
TMUS,2020,2020-12-31,68397000000.0,,3064000000.0,4254000000.0,23885000000.0,41175000000.0,200162000000.0,14151000000.0,18926000000.0,21703000000.0,61830000000.0,8640000000.0
TMUS,2021,2021-12-31,80118000000.0,,3024000000.0,4194000000.0,20891000000.0,39803000000.0,206563000000.0,16383000000.0,20238000000.0,23499000000.0,67076000000.0,13917000000.0
TMUS,2022,2022-12-31,79571000000.0,,2590000000.0,4445000000.0,19067000000.0,42086000000.0,211338000000.0,13651000000.0,21607000000.0,24742000000.0,66796000000.0,16781000000.0
TMUS,2023,2023-12-31,78558000000.0,,8317000000.0,4692000000.0,19015000000.0,40432000000.0,207682000000.0,12818000000.0,21311000000.0,20928000000.0,71399000000.0,18559000000.0
TMUS,2024,2024-12-31,81400000000.0,,11339000000.0,4276000000.0,18404000000.0,38533000000.0,208035000000.0,12919000000.0,20818000000.0,20174000000.0,74197000000.0,22293000000.0
TMUS,2025,2025-12-31,88309000000.0,,10992000000.0,4874000000.0,24461000000.0,38333000000.0,219237000000.0,13508000000.0,23470000000.0,24500000000.0,81147000000.0,27950000000.0
TSLA,2019,2019-12-31,24578000000.0,20509000000.0,-862000000.0,1324000000.0,12103000000.0,10396000000.0,34309000000.0,1370000000.0,2646000000.0,10667000000.0,10402000000.0,2405000000.0
TSLA,2020,2020-12-31,31536000000.0,24906000000.0,721000000.0,1886000000.0,26717000000.0,12747000000.0,52148000000.0,1570000000.0,3145000000.0,14248000000.0,8462000000.0,5943000000.0
TSLA,2021,2021-01-01,,,,,,12702000000.0,,,,,,
TSLA,2021,2021-12-31,53823000000.0,40217000000.0,5519000000.0,1913000000.0,27100000000.0,18884000000.0,62131000000.0,1910000000.0,4517000000.0,19705000000.0,4254000000.0,11497000000.0
TSLA,2022,2022-12-31,81462000000.0,60609000000.0,12556000000.0,2952000000.0,40917000000.0,23548000000.0,82338000000.0,2420000000.0,3946000000.0,26709000000.0,1029000000.0,14724000000.0
TSLA,2023,2023-12-31,96773000000.0,79113000000.0,14997000000.0,3508000000.0,49616000000.0,29725000000.0,106618000000.0,3330000000.0,4800000000.0,28748000000.0,2682000000.0,13256000000.0
TSLA,2024,2024-12-31,97690000000.0,80240000000.0,7091000000.0,4418000000.0,58360000000.0,35836000000.0,122070000000.0,4120000000.0,5150000000.0,28821000000.0,5535000000.0,14923000000.0
TSLA,2025,2025-12-31,94827000000.0,77733000000.0,3794000000.0,4576000000.0,68642000000.0,,137806000000.0,5030000000.0,5834000000.0,31714000000.0,6584000000.0,14747000000.0
TTWO,2019,2019-03-31,2668394000.0,1523644000.0,333837000.0,395729000.0,2827835000.0,127882000.0,4243065000.0,40232000.0,281234000.0,1951794000.0,0.0,843515000.0
TTWO,2020,2020-03-31,3088970000.0,1542450000.0,404459000.0,592555000.0,3493351000.0,131888000.0,4948832000.0,48113000.0,318235000.0,2038539000.0,371049000.0,685678000.0
TTWO,2021,2021-03-31,3372800000.0,1535100000.0,588900000.0,552762000.0,4220515000.0,149364000.0,6028218000.0,55600000.0,390400000.0,2234715000.0,461611000.0,912300000.0
TTWO,2022,2022-03-31,3504800000.0,1535400000.0,418000000.0,579400000.0,3871100000.0,242000000.0,6546300000.0,61100000.0,510900000.0,2105000000.0,0.0,258000000.0
TTWO,2023,2023-03-31,5349900000.0,3064600000.0,-1124700000.0,763200000.0,2508100000.0,402800000.0,15862100000.0,122300000.0,839500000.0,3851600000.0,1733000000.0,1100000.0
TTWO,2024,2024-03-31,5349600000.0,3107800000.0,-3744200000.0,679700000.0,2259700000.0,411100000.0,12216900000.0,171200000.0,716100000.0,2406400000.0,3058300000.0,-16100000.0
TTWO,2025,2025-03-31,5633600000.0,2571400000.0,-4478900000.0,771100000.0,2815900000.0,443800000.0,9180700000.0,229400000.0,883300000.0,3615800000.0,2512600000.0,-45200000.0
TTWO,2026,2026-03-31,6656400000.0,2846700000.0,-298200000.0,737000000.0,3199500000.0,445400000.0,9383200000.0,198500000.0,874400000.0,2588800000.0,2488000000.0,624300000.0
TXN,2019,2019-12-31,14383000000.0,5219000000.0,5017000000.0,1074000000.0,8761000000.0,3303000000.0,18018000000.0,708000000.0,1645000000.0,2123000000.0,5303000000.0,6649000000.0
TXN,2020,2020-12-31,14461000000.0,5192000000.0,5595000000.0,1414000000.0,10239000000.0,3269000000.0,19351000000.0,733000000.0,1623000000.0,2390000000.0,6248000000.0,6139000000.0
TXN,2021,2021-12-31,18344000000.0,5968000000.0,7769000000.0,1701000000.0,13685000000.0,5141000000.0,24676000000.0,755000000.0,1666000000.0,2569000000.0,7241000000.0,8756000000.0
TXN,2022,2022-12-31,20028000000.0,6257000000.0,8749000000.0,1895000000.0,14021000000.0,6876000000.0,27207000000.0,925000000.0,1704000000.0,2985000000.0,8235000000.0,8720000000.0
TXN,2023,2023-12-31,17519000000.0,6500000000.0,6510000000.0,1787000000.0,15122000000.0,9999000000.0,32348000000.0,1175000000.0,1825000000.0,3320000000.0,10624000000.0,6420000000.0
TXN,2024,2024-12-31,15641000000.0,6547000000.0,4799000000.0,1719000000.0,15026000000.0,11347000000.0,35509000000.0,1508000000.0,1794000000.0,3643000000.0,12846000000.0,6318000000.0
TXN,2025,2025-12-31,17682000000.0,7599000000.0,5001000000.0,1963000000.0,13750000000.0,12320000000.0,34585000000.0,1918000000.0,1860000000.0,3159000000.0,13548000000.0,7153000000.0
VRSK,2019,2019-12-31,2607100000.0,976800000.0,449900000.0,441600000.0,744900000.0,548100000.0,7055200000.0,185700000.0,603500000.0,1491800000.0,3152700000.0,956300000.0
VRSK,2020,2020-12-31,2269400000.0,791700000.0,712700000.0,432400000.0,794200000.0,632300000.0,7561800000.0,192200000.0,308200000.0,1430800000.0,3224700000.0,1068200000.0
VRSK,2021,2021-12-31,2462500000.0,853700000.0,666200000.0,299900000.0,907400000.0,531400000.0,7808100000.0,206900000.0,313200000.0,1848000000.0,3323500000.0,1155700000.0
VRSK,2022,2022-12-31,2497000000.0,824600000.0,953900000.0,290100000.0,925100000.0,541500000.0,6961100000.0,197100000.0,381500000.0,2319200000.0,3744200000.0,1059000000.0
VRSK,2023,2023-12-31,2681400000.0,876500000.0,614600000.0,334200000.0,810100000.0,604900000.0,4366100000.0,206800000.0,391800000.0,771400000.0,2884300000.0,1060700000.0
VRSK,2024,2024-12-31,2881700000.0,901100000.0,958200000.0,434400000.0,911600000.0,,4264700000.0,233600000.0,408700000.0,1238900000.0,3091300000.0,1144000000.0
VRSK,2025,2025-12-31,3072700000.0,925500000.0,908300000.0,422200000.0,2765400000.0,,6195500000.0,259200000.0,458200000.0,2300300000.0,4773500000.0,1436000000.0
VRTX,2019,2019-01-01,,,,,,758085000.0,6261958000.0,,,,,
VRTX,2019,2019-12-31,4162800000.0,547800000.0,1176800000.0,633518000.0,4822829000.0,,8318465000.0,106900000.0,658500000.0,1334827000.0,898394000.0,1569300000.0
VRTX,2020,2020-12-31,6205700000.0,736300000.0,2711700000.0,885400000.0,8133400000.0,,11751800000.0,109500000.0,770500000.0,1877500000.0,1187500000.0,3253500000.0
VRTX,2021,2021-12-31,7574400000.0,904200000.0,2342100000.0,1136800000.0,9560600000.0,,13432500000.0,125600000.0,840100000.0,2142000000.0,1190500000.0,2643500000.0
VRTX,2022,2022-12-31,8930700000.0,1080300000.0,3322000000.0,1442200000.0,13234800000.0,,18150900000.0,148300000.0,944700000.0,2742100000.0,1496100000.0,4129900000.0
VRTX,2023,2023-12-31,9869200000.0,1262200000.0,3619600000.0,1563400000.0,14144200000.0,,22730200000.0,181300000.0,1136600000.0,3547400000.0,1602400000.0,3537300000.0
VRTX,2024,2024-12-31,11020100000.0,1530500000.0,-535600000.0,1609400000.0,9596400000.0,,22533200000.0,207200000.0,1464300000.0,3564600000.0,2559000000.0,-492600000.0
VRTX,2025,2025-12-31,12001300000.0,1651300000.0,3953200000.0,2052800000.0,11201000000.0,,25643000000.0,209800000.0,1753100000.0,3861200000.0,3116000000.0,3631400000.0
WBD,2019,2019-12-31,11144000000.0,,2069000000.0,2633000000.0,5217000000.0,951000000.0,33735000000.0,1347000000.0,2788000000.0,3239000000.0,15419000000.0,3399000000.0
WBD,2020,2020-12-31,10671000000.0,,1219000000.0,2537000000.0,6130000000.0,1206000000.0,34087000000.0,1359000000.0,2722000000.0,3082000000.0,15404000000.0,2739000000.0
WBD,2021,2021-12-31,12191000000.0,,1006000000.0,2446000000.0,7264000000.0,1336000000.0,34427000000.0,1582000000.0,4016000000.0,3459000000.0,14759000000.0,2798000000.0
WBD,2022,2022-12-31,33817000000.0,,-7371000000.0,6380000000.0,13999000000.0,5301000000.0,134001000000.0,7193000000.0,9678000000.0,15017000000.0,48999000000.0,4304000000.0
WBD,2023,2023-12-31,41321000000.0,,-3126000000.0,6047000000.0,14218000000.0,5957000000.0,122757000000.0,7985000000.0,9696000000.0,15332000000.0,43669000000.0,7477000000.0
WBD,2024,2024-12-31,39321000000.0,,-11311000000.0,4947000000.0,14078000000.0,6087000000.0,104560000000.0,7037000000.0,9296000000.0,15810000000.0,39505000000.0,5375000000.0
WBD,2025,2025-12-31,37296000000.0,,727000000.0,5294000000.0,13206000000.0,6685000000.0,100085000000.0,5684000000.0,9418000000.0,12500000000.0,32567000000.0,4319000000.0
WDAY,2019,2019-01-31,2822180000.0,,-418258000.0,704680000.0,2700596000.0,796907000.0,5520746000.0,147000000.0,347337000.0,2430691000.0,1131613000.0,606658000.0
WDAY,2020,2020-01-31,3627206000.0,,-480674000.0,877578000.0,3094622000.0,936179000.0,6816365000.0,201000000.0,367724000.0,2969404000.0,1017967000.0,864598000.0
WDAY,2021,2021-01-31,4317996000.0,,-282431000.0,1032484000.0,4802061000.0,972403000.0,8718411000.0,231000000.0,414068000.0,4282648000.0,691913000.0,1268441000.0
WDAY,2022,2022-01-31,5139000000.0,,29000000.0,1242545000.0,5214065000.0,1123075000.0,10498505000.0,263000000.0,486000000.0,5067855000.0,617354000.0,1651000000.0
WDAY,2023,2023-01-31,6216000000.0,,-367000000.0,1570000000.0,8108000000.0,1201000000.0,13486000000.0,275000000.0,599000000.0,4628000000.0,2976000000.0,1657000000.0
WDAY,2024,2024-01-31,7259000000.0,,1381000000.0,1639000000.0,9939000000.0,1234000000.0,16452000000.0,203000000.0,702000000.0,5055000000.0,2980000000.0,2149000000.0
WDAY,2025,2025-01-31,8446000000.0,,526000000.0,1950000000.0,10545000000.0,1239000000.0,17977000000.0,243000000.0,820000000.0,5548000000.0,2984000000.0,2461000000.0
WDAY,2026,2026-01-31,9552000000.0,,693000000.0,2332000000.0,8429000000.0,1093000000.0,18074000000.0,237000000.0,912000000.0,6378000000.0,2987000000.0,2939000000.0
WMT,2019,2019-01-31,510329000000.0,385301000000.0,6670000000.0,6283000000.0,61897000000.0,104317000000.0,219295000000.0,10678000000.0,107147000000.0,77477000000.0,43520000000.0,27753000000.0
WMT,2020,2020-01-31,519926000000.0,394605000000.0,14881000000.0,6284000000.0,61806000000.0,105208000000.0,236495000000.0,10987000000.0,108791000000.0,77790000000.0,43714000000.0,25255000000.0
WMT,2021,2021-01-31,555233000000.0,420315000000.0,13510000000.0,6516000000.0,90067000000.0,92201000000.0,252496000000.0,11152000000.0,116288000000.0,92645000000.0,41194000000.0,36074000000.0
WMT,2022,2022-01-31,567762000000.0,429000000000.0,13673000000.0,8280000000.0,81070000000.0,94515000000.0,244860000000.0,10658000000.0,117812000000.0,87379000000.0,34864000000.0,24181000000.0
WMT,2023,2023-01-31,605881000000.0,463721000000.0,11680000000.0,7933000000.0,75655000000.0,100760000000.0,243197000000.0,10945000000.0,127140000000.0,92198000000.0,34649000000.0,28841000000.0
WMT,2024,2024-01-31,642637000000.0,490142000000.0,15511000000.0,8796000000.0,76877000000.0,110810000000.0,252399000000.0,11853000000.0,130971000000.0,92415000000.0,36132000000.0,35726000000.0
WMT,2025,2025-01-31,674538000000.0,511753000000.0,19436000000.0,9975000000.0,79458000000.0,119993000000.0,260823000000.0,12973000000.0,139884000000.0,96584000000.0,33401000000.0,36443000000.0
WMT,2026,2026-01-31,706413000000.0,535395000000.0,21893000000.0,11172000000.0,84874000000.0,136083000000.0,284668000000.0,14203000000.0,147943000000.0,107469000000.0,34624000000.0,41565000000.0
ZS,2019,2019-07-31,302836000.0,13800000.0,-28655000.0,93341000.0,496086000.0,41046000.0,604162000.0,,46598000.0,261949000.0,33655000.0,58027000.0
ZS,2020,2020-07-31,431269000.0,95733000.0,-115116000.0,147584000.0,1581793000.0,75734000.0,1833458000.0,,73632000.0,423901000.0,861615000.0,79317000.0
ZS,2021,2021-07-31,673100000.0,150317000.0,-262029000.0,257109000.0,1848303000.0,108576000.0,2257631000.0,,96535000.0,720205000.0,913538000.0,202040000.0
ZS,2022,2022-07-31,1090946000.0,242282000.0,-390278000.0,399745000.0,2256647000.0,160633000.0,2832665000.0,,151735000.0,1134447000.0,968674000.0,321912000.0
ZS,2023,2023-07-31,1616952000.0,362832000.0,-202335000.0,582636000.0,2890314000.0,242355000.0,3608317000.0,,178855000.0,1535868000.0,1134159000.0,462343000.0
ZS,2024,2024-07-31,2167771000.0,477129000.0,-57706000.0,736529000.0,3396617000.0,383121000.0,4704968000.0,,212052000.0,3112887000.0,1142275000.0,779846000.0
ZS,2025,2025-07-31,2673115000.0,618178000.0,-41478000.0,992181000.0,4894290000.0,543377000.0,6419888000.0,,251754000.0,2429611000.0,2191004000.0,972453000.0
